date,close,change_pct,trading_value
2016-01-04,1205000,-4.37,375331217000
2016-01-05,1208000,0.25,260737452839
2016-01-06,1175000,-2.73,433569054000
2016-01-07,1163000,-1.02,329335893500
2016-01-08,1171000,0.69,301860685807
2016-01-11,1152000,-1.62,278630831000
2016-01-12,1146000,-0.52,237947553740
2016-01-13,1148000,0.17,165119243000
2016-01-14,1138000,-0.87,237186845000
2016-01-15,1132000,-0.53,238139428600
2016-01-18,1126000,-0.53,357082162000
2016-01-19,1171000,4.0,238811876000
2016-01-20,1138000,-2.82,191106722400
2016-01-21,1131000,-0.62,217067654000
2016-01-22,1168000,3.27,170994648000
2016-01-25,1162000,-0.51,186208743000
2016-01-26,1137000,-2.15,174094090000
2016-01-27,1175000,3.34,318786396000
2016-01-28,1145000,-2.55,362255796600
2016-01-29,1150000,0.44,496469081818
2016-02-01,1163000,1.13,300759048000
2016-02-02,1156000,-0.6,192886012000
2016-02-03,1146000,-0.87,200071091000
2016-02-04,1156000,0.87,286552672000
2016-02-05,1164000,0.69,218895108685
2016-02-11,1130000,-2.92,344361063000
2016-02-12,1130000,0.0,292031250500
2016-02-15,1154000,2.12,210957395000
2016-02-16,1168000,1.21,211309041000
2016-02-17,1185000,1.46,291221290000
2016-02-18,1187000,0.17,264666470521
2016-02-19,1190000,0.25,209455620271
2016-02-22,1175000,-1.26,206059224890
2016-02-23,1181000,0.51,174272083000
2016-02-24,1172000,-0.76,164927005000
2016-02-25,1179000,0.6,157669421000
2016-02-26,1172000,-0.59,208864489000
2016-02-29,1178000,0.51,341730680971
2016-03-02,1197000,1.61,283852951000
2016-03-03,1220000,1.92,265284785416
2016-03-04,1215000,-0.41,245611861000
2016-03-07,1223000,0.66,160439055900
2016-03-08,1192000,-2.53,259515853000
2016-03-09,1194000,0.17,217551269956
2016-03-10,1225000,2.6,346840121000
2016-03-11,1249000,1.96,331888378800
2016-03-14,1255000,0.48,274198665000
2016-03-15,1253000,-0.16,217075566930
2016-03-16,1256000,0.24,184669685384
2016-03-17,1263000,0.56,315157216000
2016-03-18,1273000,0.79,286243564912
2016-03-21,1267000,-0.47,229720890000
2016-03-22,1269000,0.16,257254019518
2016-03-23,1279000,0.79,251144685000
2016-03-24,1282000,0.23,280495475000
2016-03-25,1288000,0.47,184538535000
2016-03-28,1294000,0.47,156895736000
2016-03-29,1290000,-0.31,222853763000
2016-03-30,1308000,1.4,350605056000
2016-03-31,1312000,0.31,500181052171
2016-04-01,1279000,-2.52,349861239136
2016-04-04,1305000,2.03,243653171226
2016-04-05,1260000,-3.45,301471883800
2016-04-06,1285000,1.98,236263738000
2016-04-07,1269000,-1.25,329570965000
2016-04-08,1246000,-1.81,315016657000
2016-04-11,1266000,1.61,151918457355
2016-04-12,1275000,0.71,170954198000
2016-04-14,1300000,1.96,435441430588
2016-04-15,1300000,0.0,177241956000
2016-04-18,1299000,-0.08,166639007000
2016-04-19,1288000,-0.85,186507582718
2016-04-20,1299000,0.85,222505696250
2016-04-21,1294000,-0.38,188157126600
2016-04-22,1280000,-1.08,147451087000
2016-04-25,1281000,0.08,117549279000
2016-04-26,1296000,1.17,216518899400
2016-04-27,1300000,0.31,215119707000
2016-04-28,1265000,-2.69,373375703000
2016-04-29,1245000,-1.58,406396273452
2016-05-02,1250000,0.4,175667923050
2016-05-03,1261000,0.88,199738658000
2016-05-04,1290000,2.3,375424577742
2016-05-09,1299000,0.7,405390164688
2016-05-10,1296000,-0.23,221835012000
2016-05-11,1292000,-0.31,228342155000
2016-05-12,1281000,-0.85,195458227000
2016-05-13,1253000,-2.19,309438828500
2016-05-16,1248000,-0.4,293614736622
2016-05-17,1264000,1.28,231112979120
2016-05-18,1268000,0.32,231708608000
2016-05-19,1270000,0.16,254192244875
2016-05-20,1269000,-0.08,202841770000
2016-05-23,1286000,1.34,207325088692
2016-05-24,1271000,-1.17,266272150520
2016-05-25,1295000,1.89,306328949500
2016-05-26,1296000,0.08,328765820000
2016-05-27,1282000,-1.08,353853667635
2016-05-30,1280000,-0.16,264808659000
2016-05-31,1292000,0.94,1613084382000
2016-06-01,1333000,3.17,623229181741
2016-06-02,1365000,2.4,647071974700
2016-06-03,1377000,0.88,468150421680
2016-06-07,1398000,1.53,646493124000
2016-06-08,1406000,0.57,526797439640
2016-06-09,1430000,1.71,733403811375
2016-06-10,1406000,-1.68,408712263785
2016-06-13,1371000,-2.49,420332456318
2016-06-14,1380000,0.66,338152916000
2016-06-15,1413000,2.39,430467294560
2016-06-16,1409000,-0.28,410426847458
2016-06-17,1426000,1.21,468749369000
2016-06-20,1431000,0.35,387585861532
2016-06-21,1448000,1.19,288622093952
2016-06-22,1445000,-0.21,258245477322
2016-06-23,1430000,-1.04,322801472650
2016-06-24,1400000,-2.1,578388052000
2016-06-27,1398000,-0.14,330275462000
2016-06-28,1399000,0.07,298661516000
2016-06-29,1396000,-0.21,295399294500
2016-06-30,1425000,2.08,388563908000
2016-07-01,1466000,2.88,420644284160
2016-07-04,1466000,0.0,234219813900
2016-07-05,1469000,0.2,231322776000
2016-07-06,1421000,-3.27,478418955208
2016-07-07,1450000,2.04,330718014032
2016-07-08,1460000,0.69,395068983089
2016-07-11,1489000,1.99,419270621946
2016-07-12,1464000,-1.68,326831274900
2016-07-13,1481000,1.16,296193923000
2016-07-14,1500000,1.28,371205209092
2016-07-15,1518000,1.2,351348055000
2016-07-18,1533000,0.99,352418881331
2016-07-19,1533000,0.0,310089075000
2016-07-20,1540000,0.46,238851580000
2016-07-21,1543000,0.19,263609809000
2016-07-22,1516000,-1.75,260489687172
2016-07-25,1502000,-0.92,232504279000
2016-07-26,1530000,1.86,219487124000
2016-07-27,1527000,-0.2,192780905000
2016-07-28,1507000,-1.31,286913640000
2016-07-29,1539000,2.12,462214605448
2016-08-01,1568000,1.88,361997475200
2016-08-02,1548000,-1.28,258845916000
2016-08-03,1517000,-2.0,230013369000
2016-08-04,1517000,0.0,213776929000
2016-08-05,1561000,2.9,216093500000
2016-08-08,1569000,0.51,348269706311
2016-08-09,1567000,-0.13,283110971986
2016-08-10,1541000,-1.66,381459642797
2016-08-11,1559000,1.17,325317192082
2016-08-12,1545000,-0.9,325885266886
2016-08-16,1568000,1.49,339488716680
2016-08-17,1566000,-0.13,232971334843
2016-08-18,1640000,4.73,589635089000
2016-08-19,1675000,2.13,557650233595
2016-08-22,1665000,-0.6,421724393240
2016-08-23,1687000,1.32,388316616000
2016-08-24,1653000,-2.02,529009346000
2016-08-25,1639000,-0.85,464313389808
2016-08-26,1612000,-1.65,388694953000
2016-08-29,1640000,1.74,290419250000
2016-08-30,1645000,0.3,258950991000
2016-08-31,1620000,-1.52,666142417000
2016-09-01,1587000,-2.04,592548889225
2016-09-02,1597000,0.63,260561956725
2016-09-05,1606000,0.56,268055668000
2016-09-06,1643000,2.3,249835489000
2016-09-07,1621000,-1.34,314711940000
2016-09-08,1639000,1.11,393618278000
2016-09-09,1575000,-3.9,420258876103
2016-09-12,1465000,-6.98,782320164540
2016-09-13,1527000,4.23,756157008040
2016-09-19,1558000,2.03,696681291950
2016-09-20,1585000,1.73,407835834000
2016-09-21,1592000,0.44,334419073683
2016-09-22,1618000,1.63,371047740835
2016-09-23,1571000,-2.9,577915058500
2016-09-26,1568000,-0.19,456942544262
2016-09-27,1569000,0.06,307083709000
2016-09-28,1567000,-0.13,272129060840
2016-09-29,1600000,2.11,364742431000
2016-09-30,1598000,-0.13,376808322312
2016-10-04,1614000,1.0,421391806932
2016-10-05,1619000,0.31,402697403000
2016-10-06,1691000,4.45,994627932000
2016-10-07,1706000,0.89,886398371679
2016-10-10,1680000,-1.52,834986929392
2016-10-11,1545000,-8.04,1218505208975
2016-10-12,1535000,-0.65,1184115405220
2016-10-13,1557000,1.43,683113548556
2016-10-14,1577000,1.28,444659098000
2016-10-17,1590000,0.82,403484220000
2016-10-18,1589000,-0.06,329627356042
2016-10-19,1625000,2.27,500650900300
2016-10-20,1620000,-0.31,336651987643
2016-10-21,1589000,-1.91,333914166280
2016-10-24,1608000,1.2,297622462851
2016-10-25,1597000,-0.68,315217370000
2016-10-26,1567000,-1.88,330915079800
2016-10-27,1573000,0.38,446642463000
2016-10-28,1614000,2.61,327230827539
2016-10-31,1639000,1.55,393220244000
2016-11-01,1652000,0.79,339618517088
2016-11-02,1643000,-0.54,331899932000
2016-11-03,1616000,-1.64,335450182716
2016-11-04,1627000,0.68,230900044390
2016-11-07,1640000,0.8,251758734040
2016-11-08,1644000,0.24,177816155000
2016-11-09,1596000,-2.92,505653812403
2016-11-10,1649000,3.32,386938573250
2016-11-11,1598000,-3.09,410944654000
2016-11-14,1553000,-2.82,473958202835
2016-11-15,1539000,-0.9,425285469000
2016-11-16,1558000,1.23,413966727116
2016-11-17,1568000,0.64,245970119000
2016-11-18,1586000,1.15,299279702102
2016-11-21,1593000,0.44,260615034000
2016-11-22,1640000,2.95,318656187000
2016-11-23,1649000,0.55,417961482000
2016-11-24,1650000,0.06,255093661500
2016-11-25,1650000,0.0,206358388000
2016-11-28,1677000,1.64,442600871333
2016-11-29,1677000,0.0,607458458280
2016-11-30,1746000,4.11,988823611550
2016-12-01,1749000,0.17,542448277092
2016-12-02,1727000,-1.26,528538388000
2016-12-05,1718000,-0.52,291435438000
2016-12-06,1748000,1.75,489622452000
2016-12-07,1772000,1.37,339769712536
2016-12-08,1790000,1.02,589640895582
2016-12-09,1780000,-0.56,379081226474
2016-12-12,1752000,-1.57,399291165500
2016-12-13,1766000,0.8,409728914200
2016-12-14,1777000,0.62,264437231000
2016-12-15,1759000,-1.01,203583609000
2016-12-16,1793000,1.93,419623425700
2016-12-19,1795000,0.11,195757157000
2016-12-20,1812000,0.95,275938388430
2016-12-21,1805000,-0.39,237420331285
2016-12-22,1809000,0.22,229710038134
2016-12-23,1782000,-1.49,298604129418
2016-12-26,1798000,0.9,173030035000
2016-12-27,1799000,0.06,167499160785
2016-12-28,1788000,-0.61,238389027152
2016-12-29,1802000,0.78,269850552000
2017-01-02,1805000,0.17,167931825000
2017-01-03,1824000,1.05,267688372000
2017-01-04,1808000,-0.88,289084849500
2017-01-05,1778000,-1.66,392320929368
2017-01-06,1810000,1.8,321737489344
2017-01-09,1861000,2.82,490866560500
2017-01-10,1862000,0.05,338661320160
2017-01-11,1914000,2.79,457577214820
2017-01-12,1940000,1.36,448331948000
2017-01-13,1873000,-3.45,601738652990
2017-01-16,1833000,-2.14,613092114505
2017-01-17,1848000,0.82,302636648657
2017-01-18,1847000,-0.05,328695678000
2017-01-19,1874000,1.46,352854524412
2017-01-20,1860000,-0.75,341612085687
2017-01-23,1903000,2.31,331203651960
2017-01-24,1908000,0.26,421543682194
2017-01-25,1970000,3.25,523803542485
2017-01-26,1995000,1.27,605792828956
2017-01-31,1973000,-1.1,713064586560
2017-02-01,1956000,-0.86,556882303240
2017-02-02,1968000,0.61,593352785459
2017-02-03,1973000,0.25,408577562454
2017-02-06,1978000,0.25,348886089986
2017-02-07,1941000,-1.87,548421779000
2017-02-08,1920000,-1.08,656565454955
2017-02-09,1920000,0.0,527055233000
2017-02-10,1918000,-0.1,423823338000
2017-02-13,1898000,-1.04,421255280000
2017-02-14,1879000,-1.0,493995136012
2017-02-15,1886000,0.37,531678307000
2017-02-16,1901000,0.8,388963883000
2017-02-17,1893000,-0.42,578593933000
2017-02-20,1933000,2.11,288243106000
2017-02-21,1947000,0.72,413336610000
2017-02-22,1965000,0.92,334547464000
2017-02-23,1959000,-0.31,400994268720
2017-02-24,1911000,-2.45,357260634111
2017-02-27,1903000,-0.42,343096653618
2017-02-28,1922000,1.0,580207013998
2017-03-02,1986000,3.33,836460978216
2017-03-03,1981000,-0.25,500689858000
2017-03-06,2004000,1.16,489212561000
2017-03-07,2010000,0.3,423428915000
2017-03-08,2010000,0.0,488713133000
2017-03-09,2010000,0.0,577610022940
2017-03-10,2009000,-0.05,410726976000
2017-03-13,2030000,1.05,301928658780
2017-03-14,2068000,1.87,465321450000
2017-03-15,2070000,0.1,396105182000
2017-03-16,2092000,1.06,416143732076
2017-03-17,2120000,1.34,532446350182
2017-03-20,2095000,-1.18,430186522000
2017-03-21,2128000,1.58,602990851000
2017-03-22,2123000,-0.23,692409571000
2017-03-23,2090000,-1.55,646289782000
2017-03-24,2075000,-0.72,530938712000
2017-03-27,2060000,-0.72,504592076000
2017-03-28,2074000,0.68,341296698516
2017-03-29,2089000,0.72,422197495000
2017-03-30,2099000,0.48,344971150768
2017-03-31,2060000,-1.86,435298443314
2017-04-03,2072000,0.58,397203469711
2017-04-04,2104000,1.54,514531299225
2017-04-05,2107000,0.14,449681268750
2017-04-06,2092000,-0.71,404928560000
2017-04-07,2080000,-0.57,416013854000
2017-04-10,2097000,0.82,298512218500
2017-04-11,2080000,-0.81,298878116000
2017-04-12,2095000,0.72,346170994658
2017-04-13,2121000,1.24,380817182000
2017-04-14,2101000,-0.94,229537188000
2017-04-17,2078000,-1.09,217684806000
2017-04-18,2075000,-0.14,284670051000
2017-04-19,2045000,-1.45,482680770572
2017-04-20,2014000,-1.52,852639858358
2017-04-21,2038000,1.19,619834871224
2017-04-24,2062000,1.18,369972154800
2017-04-25,2135000,3.54,816104381800
2017-04-26,2140000,0.23,632093548168
2017-04-27,2192000,2.43,1003800496800
2017-04-28,2231000,1.78,1024061169319
2017-05-02,2245000,0.63,634570868840
2017-05-04,2276000,1.38,622302286590
2017-05-08,2351000,3.3,901872986940
2017-05-10,2280000,-3.02,1082405637000
2017-05-11,2275000,-0.22,971813949360
2017-05-12,2291000,0.7,432810033000
2017-05-15,2305000,0.61,368533271000
2017-05-16,2319000,0.61,408903423412
2017-05-17,2317000,-0.09,344267552000
2017-05-18,2297000,-0.86,511568654900
2017-05-19,2236000,-2.66,709707759000
2017-05-22,2255000,0.85,794086963000
2017-05-23,2246000,-0.4,570040422000
2017-05-24,2244000,-0.09,389752816000
2017-05-25,2284000,1.78,590660411000
2017-05-26,2304000,0.88,627680056400
2017-05-29,2281000,-1.0,401733476800
2017-05-30,2232000,-2.15,556846107000
2017-05-31,2235000,0.13,833718228400
2017-06-01,2234000,-0.04,435364066000
2017-06-02,2298000,2.86,570061754000
2017-06-05,2297000,-0.04,349813244000
2017-06-07,2265000,-1.39,628870188161
2017-06-08,2258000,-0.31,632161562000
2017-06-09,2305000,2.08,540508702850
2017-06-12,2269000,-1.56,496586513552
2017-06-13,2270000,0.04,391607647000
2017-06-14,2268000,-0.09,462672220880
2017-06-15,2284000,0.71,439963898769
2017-06-16,2279000,-0.22,794685457150
2017-06-19,2328000,2.15,523047734000
2017-06-20,2407000,3.39,717838392998
2017-06-21,2374000,-1.37,475861462720
2017-06-22,2398000,1.01,548290745000
2017-06-23,2381000,-0.71,452912992000
2017-06-26,2414000,1.39,411643453996
2017-06-27,2415000,0.04,463577236472
2017-06-28,2385000,-1.24,456952299800
2017-06-29,2397000,0.5,399658964000
2017-06-30,2377000,-0.83,562979182780
2017-07-03,2361000,-0.67,321964150000
2017-07-04,2350000,-0.47,375038002000
2017-07-05,2379000,1.23,502795564000
2017-07-06,2403000,1.01,523917817978
2017-07-07,2393000,-0.42,389455961582
2017-07-10,2433000,1.67,524350356985
2017-07-11,2450000,0.7,473383627820
2017-07-12,2494000,1.8,469394224000
2017-07-13,2528000,1.36,812120111560
2017-07-14,2524000,-0.16,417657363203
2017-07-17,2532000,0.32,455814771000
2017-07-18,2542000,0.39,359008232500
2017-07-19,2537000,-0.2,563249675000
2017-07-20,2560000,0.91,426097135458
2017-07-21,2554000,-0.23,429928534500
2017-07-24,2543000,-0.43,360550236561
2017-07-25,2500000,-1.69,544042857943
2017-07-26,2492000,-0.32,558106405024
2017-07-27,2490000,-0.08,572362280000
2017-07-28,2388000,-4.1,1260320044774
2017-07-31,2410000,0.92,607344713810
2017-08-01,2430000,0.83,550598734803
2017-08-02,2450000,0.82,381139941700
2017-08-03,2389000,-2.49,742789074000
2017-08-04,2385000,-0.17,399425224000
2017-08-07,2379000,-0.25,344848045000
2017-08-08,2386000,0.29,381846455846
2017-08-09,2314000,-3.02,680058377000
2017-08-10,2295000,-0.82,1053994620550
2017-08-11,2231000,-2.79,1136794307564
2017-08-14,2250000,0.85,863953024000
2017-08-16,2310000,2.67,1012672964500
2017-08-17,2352000,1.82,583978818000
2017-08-18,2345000,-0.3,489716224000
2017-08-21,2342000,-0.13,239073121000
2017-08-22,2350000,0.34,346683494171
2017-08-23,2374000,1.02,445400598000
2017-08-24,2376000,0.08,411382792000
2017-08-25,2351000,-1.05,531461005872
2017-08-28,2305000,-1.96,461531199000
2017-08-29,2304000,-0.04,576044266800
2017-08-30,2310000,0.26,346605912530
2017-08-31,2316000,0.26,510202845608
2017-09-01,2324000,0.35,494803743685
2017-09-04,2302000,-0.95,365737156000
2017-09-05,2338000,1.56,546005819000
2017-09-06,2350000,0.51,507656285446
2017-09-07,2406000,2.38,463090988525
2017-09-08,2454000,2.0,533459878050
2017-09-11,2490000,1.47,518082009274
2017-09-12,2480000,-0.4,597015929625
2017-09-13,2481000,0.04,467667805500
2017-09-14,2515000,1.37,712918634972
2017-09-15,2520000,0.2,540674679187
2017-09-18,2624000,4.13,595516633824
2017-09-19,2606000,-0.69,514914436760
2017-09-20,2611000,0.19,484906217311
2017-09-21,2640000,1.11,465061963451
2017-09-22,2650000,0.38,737048701000
2017-09-25,2681000,1.17,495834784156
2017-09-26,2583000,-3.66,891588625800
2017-09-27,2584000,0.04,559620635715
2017-09-28,2563000,-0.81,621422288750
2017-09-29,2564000,0.04,660770900888
2017-10-10,2640000,2.96,1094899341090
2017-10-11,2732000,3.48,739463436120
2017-10-12,2740000,0.29,758714282726
2017-10-13,2700000,-1.46,684500627000
2017-10-16,2696000,-0.15,528327295935
2017-10-17,2740000,1.63,581800750000
2017-10-18,2738000,-0.07,552822698335
2017-10-19,2649000,-3.25,648923859383
2017-10-20,2692000,1.62,430068872500
2017-10-23,2715000,0.85,451293497000
2017-10-24,2702000,-0.48,315299598517
2017-10-25,2695000,-0.26,317984487000
2017-10-26,2620000,-2.78,519397480000
2017-10-27,2654000,1.3,390462261000
2017-10-30,2702000,1.81,442428026000
2017-10-31,2754000,1.92,731773696190
2017-11-01,2861000,3.89,827303909524
2017-11-02,2853000,-0.28,612648310724
2017-11-03,2819000,-1.19,559081156000
2017-11-06,2819000,0.0,503796922126
2017-11-07,2805000,-0.5,420905881000
2017-11-08,2838000,1.18,482399525413
2017-11-09,2817000,-0.74,676120402000
2017-11-10,2820000,0.11,379470129000
2017-11-13,2819000,-0.04,497015619500
2017-11-14,2796000,-0.82,378279041000
2017-11-15,2767000,-1.04,489677255650
2017-11-16,2789000,0.8,426174538000
2017-11-17,2791000,0.07,604732117000
2017-11-20,2760000,-1.11,525666346040
2017-11-21,2764000,0.14,572671737704
2017-11-22,2798000,1.23,445037679000
2017-11-23,2765000,-1.18,347694544500
2017-11-24,2773000,0.29,250988389176
2017-11-27,2632000,-5.08,968531187150
2017-11-28,2664000,1.22,711003680834
2017-11-29,2630000,-1.28,506608123000
2017-11-30,2540000,-3.42,1508196766979
2017-12-01,2542000,0.08,657572163076
2017-12-04,2567000,0.98,754515692010
2017-12-05,2563000,-0.16,474720137575
2017-12-06,2501000,-2.42,551946006000
2017-12-07,2537000,1.44,558342489107
2017-12-08,2600000,2.48,583556079425
2017-12-11,2589000,-0.42,421003961552
2017-12-12,2605000,0.62,455567507049
2017-12-13,2566000,-1.5,582367071500
2017-12-14,2553000,-0.51,1045354901993
2017-12-15,2531000,-0.86,758780534500
2017-12-18,2560000,1.15,374974868254
2017-12-19,2578000,0.7,619174402544
2017-12-20,2544000,-1.32,515676267000
2017-12-21,2457000,-3.42,777078978780
2017-12-22,2485000,1.14,555690493000
2017-12-26,2410000,-3.02,787684546000
2017-12-27,2468000,2.41,526055660822
2017-12-28,2548000,3.24,453635894717
2018-01-02,2551000,0.12,432677351468
2018-01-03,2581000,1.18,518345810160
2018-01-04,2554000,-1.05,600531577700
2018-01-05,2606000,2.04,490792925116
2018-01-08,2601000,-0.19,435974098536
2018-01-09,2520000,-3.11,915580164480
2018-01-10,2442000,-3.1,913423173950
2018-01-11,2412000,-1.23,1216610828019
2018-01-12,2410000,-0.08,1294609288334
2018-01-15,2427000,0.71,490174567000
2018-01-16,2500000,3.01,1006207691500
2018-01-17,2481000,-0.76,548604859976
2018-01-18,2495000,0.56,745730308744
2018-01-19,2466000,-1.16,456632886890
2018-01-22,2412000,-2.19,603094917095
2018-01-23,2458000,1.91,660111001789
2018-01-24,2467000,0.37,470754458857
2018-01-25,2513000,1.86,556833289000
2018-01-26,2539000,1.03,522484802400
2018-01-29,2561000,0.87,606585731237
2018-01-30,2490000,-2.77,616153770244
2018-01-31,2495000,0.2,3351453496000
2018-02-01,2491000,-0.16,1385573101302
2018-02-02,2385000,-4.26,1408721416002
2018-02-05,2396000,0.46,1333662855850
2018-02-06,2371000,-1.04,913939877925
2018-02-07,2290000,-3.42,1097890924000
2018-02-08,2300000,0.44,1075498203230
2018-02-09,2235000,-2.83,780790538640
2018-02-12,2286000,2.28,719931323000
2018-02-13,2377000,3.98,896530740450
2018-02-14,2450000,3.07,922638233330
2018-02-19,2419000,-1.27,746462578640
2018-02-20,2370000,-2.03,481057664650
2018-02-21,2364000,-0.25,607522785000
2018-02-22,2338000,-1.1,416552606000
2018-02-23,2361000,0.98,587288884490
2018-02-26,2369000,0.34,452021608155
2018-02-27,2369000,0.0,470190818669
2018-02-28,2353000,-0.68,718972454932
2018-03-02,2301000,-2.21,613078502354
2018-03-05,2260000,-1.78,639638106534
2018-03-06,2351000,4.03,719307895174
2018-03-07,2431000,3.4,1036655011000
2018-03-08,2460000,1.19,952843675100
2018-03-09,2487000,1.1,714233056412
2018-03-12,2487000,0.0,434748776584
2018-03-13,2583000,3.86,1025226664800
2018-03-14,2588000,0.19,655032086650
2018-03-15,2577000,-0.43,458293581896
2018-03-16,2557000,-0.78,618930949429
2018-03-19,2537000,-0.78,417387245000
2018-03-20,2560000,0.91,414791150437
2018-03-21,2553000,-0.27,456126647694
2018-03-22,2589000,1.41,434965794173
2018-03-23,2486000,-3.98,745226028606
2018-03-26,2514000,1.13,500545941000
2018-03-27,2499000,-0.6,591916093000
2018-03-28,2435000,-2.56,737578798000
2018-03-29,2452000,0.7,492354522255
2018-03-30,2461000,0.37,385610024000
2018-04-02,2427000,-1.38,346383448000
2018-04-03,2406000,-0.87,609108588000
2018-04-04,2346000,-2.49,586682025000
2018-04-05,2437000,3.88,642625208000
2018-04-06,2420000,-0.7,603210892000
2018-04-09,2460000,1.65,488395543080
2018-04-10,2444000,-0.65,534757298912
2018-04-11,2443000,-0.04,495246434000
2018-04-12,2450000,0.29,612210717000
2018-04-13,2490000,1.63,512556399349
2018-04-16,2517000,1.08,396053424766
2018-04-17,2499000,-0.72,389065519000
2018-04-18,2568000,2.76,689012455000
2018-04-19,2639000,2.76,901505238771
2018-04-20,2581000,-2.2,609151778944
2018-04-23,2595000,0.54,600825481058
2018-04-24,2523000,-2.77,799555958105
2018-04-25,2520000,-0.12,826565905260
2018-04-26,2607000,3.45,931526175000
2018-04-27,2650000,1.65,1611240055340
2018-04-30,2650000,0.0,0
2018-05-02,2650000,0.0,0
2018-05-03,2650000,0.0,0
2018-05-04,51900,-2.08,2078017927600
2018-05-08,52600,1.35,1218273031700
2018-05-09,50900,-3.23,831371915380
2018-05-10,51600,1.38,712205749565
2018-05-11,51300,-0.58,533764972575
2018-05-14,50100,-2.34,749531511450
2018-05-15,49200,-1.8,925775247300
2018-05-16,49850,1.32,792346440425
2018-05-17,49400,-0.9,515599228500
2018-05-18,49500,0.2,332486703661
2018-05-21,50000,1.01,449244900046
2018-05-23,51800,3.6,878626895925
2018-05-24,51400,-0.77,426263538776
2018-05-25,52700,2.53,795151216200
2018-05-28,52300,-0.76,513194269572
2018-05-29,51300,-1.91,437715454500
2018-05-30,49500,-3.51,1026412975306
2018-05-31,50700,2.42,3160206301240
2018-06-01,51300,1.18,665063170392
2018-06-04,51100,-0.39,498093853200
2018-06-05,51300,0.39,465525312900
2018-06-07,50600,-1.36,692915776683
2018-06-08,49650,-1.88,845302641812
2018-06-11,49900,0.5,526740265568
2018-06-12,49400,-1.0,598928631825
2018-06-14,48200,-2.43,1015090960043
2018-06-15,47650,-1.14,819652618343
2018-06-18,46600,-2.2,776901880750
2018-06-19,47000,0.86,715277180200
2018-06-20,47000,0.0,611839591840
2018-06-21,47050,0.11,474358097500
2018-06-22,47250,0.43,481759277650
2018-06-25,46650,-1.27,493006053900
2018-06-26,47000,0.75,523396347150
2018-06-27,47950,2.02,728040991376
2018-06-28,46800,-2.4,598306028303
2018-06-29,46650,-0.32,657784718850
2018-07-02,45550,-2.36,606565716120
2018-07-03,46150,1.32,505688358350
2018-07-04,46250,0.22,408109538714
2018-07-05,45950,-0.65,323467849000
2018-07-06,44900,-2.29,803677947100
2018-07-09,45600,1.56,529092247400
2018-07-10,46300,1.54,487990716750
2018-07-11,46000,-0.65,515223640592
2018-07-12,45500,-1.09,541036686150
2018-07-13,46500,2.2,533402245850
2018-07-16,46050,-0.97,356079488741
2018-07-17,45850,-0.43,408291768123
2018-07-18,46550,1.53,511712248050
2018-07-19,46900,0.75,464089308875
2018-07-20,47450,1.17,493877704023
2018-07-23,46500,-2.0,503026610900
2018-07-24,46150,-0.75,381832267160
2018-07-25,46150,0.0,333206138150
2018-07-26,46900,1.63,344072402800
2018-07-27,46900,0.0,222452463126
2018-07-30,46500,-0.85,266137814450
2018-07-31,46250,-0.54,371441937700
2018-08-01,46550,0.65,347628686461
2018-08-02,45550,-2.15,393892682650
2018-08-03,45750,0.44,377640097734
2018-08-06,45800,0.11,311102588350
2018-08-07,46700,1.97,421267477875
2018-08-08,46800,0.21,300496036000
2018-08-09,46900,0.21,562115508475
2018-08-10,45400,-3.2,757074407100
2018-08-13,45050,-0.77,440074792600
2018-08-14,45150,0.22,289642674700
2018-08-16,44250,-1.99,445397794650
2018-08-17,44100,-0.34,300777618579
2018-08-20,43850,-0.57,319179967555
2018-08-21,44800,2.17,423682844807
2018-08-22,46100,2.9,532916173650
2018-08-23,46200,0.22,309343270650
2018-08-24,46150,-0.11,302213248900
2018-08-27,46300,0.33,243696166492
2018-08-28,46550,0.54,343322898494
2018-08-29,46800,0.54,259964187606
2018-08-30,47650,1.82,580258547207
2018-08-31,48450,1.68,652318032746
2018-09-03,47450,-2.06,409459975273
2018-09-04,47650,0.42,323146318571
2018-09-05,46600,-2.2,429157782662
2018-09-06,46100,-1.07,416318421951
2018-09-07,44900,-2.6,819215923241
2018-09-10,45500,1.34,452309806832
2018-09-11,45050,-0.99,447167292954
2018-09-12,44550,-1.11,580625526020
2018-09-13,44050,-1.12,807794526518
2018-09-14,45850,4.09,567635309851
2018-09-17,45150,-1.53,367361318550
2018-09-18,45500,0.78,454869947826
2018-09-19,46150,1.43,430987483700
2018-09-20,47250,2.38,638838502250
2018-09-21,47400,0.32,682177094783
2018-09-27,47500,0.21,742801242496
2018-09-28,46450,-2.21,526127504500
2018-10-01,46350,-0.22,293932571121
2018-10-02,45700,-1.4,304304412500
2018-10-04,44700,-2.19,533018469730
2018-10-05,44700,0.0,472928025851
2018-10-08,44950,0.56,303659853438
2018-10-10,45300,0.78,467913195347
2018-10-11,43100,-4.86,844343711668
2018-10-12,44000,2.09,555819477084
2018-10-15,43800,-0.45,324349864008
2018-10-16,43600,-0.46,298409521650
2018-10-17,44150,1.26,367501442800
2018-10-18,44050,-0.23,368459881850
2018-10-19,43900,-0.34,343941369439
2018-10-22,43550,-0.8,364048308122
2018-10-23,43050,-1.15,410359339378
2018-10-24,42550,-1.16,575195361250
2018-10-25,41000,-3.64,793655503846
2018-10-26,41000,0.0,589371007778
2018-10-29,41400,0.98,597885768395
2018-10-30,42350,2.29,604196474977
2018-10-31,42400,0.12,747032941791
2018-11-01,42150,-0.59,570459206662
2018-11-02,44150,4.74,716242611700
2018-11-05,43800,-0.79,409145234602
2018-11-06,43750,-0.11,335005850955
2018-11-07,44000,0.57,508909458050
2018-11-08,44050,0.11,562057316672
2018-11-09,44300,0.57,324257144750
2018-11-12,45200,2.03,383762517836
2018-11-13,44500,-1.55,410326698042
2018-11-14,44100,-0.9,298839918986
2018-11-15,44250,0.34,258043393106
2018-11-16,44000,-0.56,343558543950
2018-11-19,43650,-0.8,329484578450
2018-11-20,42800,-1.95,402663272818
2018-11-21,42100,-1.64,452948578450
2018-11-22,42450,0.83,253026136500
2018-11-23,42400,-0.12,219016162650
2018-11-26,42600,0.47,281292956782
2018-11-27,43050,1.06,358411353235
2018-11-28,43150,0.23,298451186806
2018-11-29,43150,0.0,367283420273
2018-11-30,41850,-3.01,838775278782
2018-12-03,43250,3.35,521013724675
2018-12-04,42150,-2.54,605987183391
2018-12-05,41450,-1.66,522454917535
2018-12-06,40500,-2.29,579350131900
2018-12-07,40950,1.11,469836158250
2018-12-10,40200,-1.83,598916715336
2018-12-11,40250,0.12,429054464300
2018-12-12,40450,0.5,486186060392
2018-12-13,40000,-1.11,1054672523100
2018-12-14,38950,-2.63,768559029290
2018-12-17,39150,0.51,452402501320
2018-12-18,38900,-0.64,429736490346
2018-12-19,39100,0.51,388002233278
2018-12-20,38650,-1.15,462009678419
2018-12-21,38650,0.0,575188706454
2018-12-24,38800,0.39,376007004600
2018-12-26,38350,-1.16,488546395500
2018-12-27,38250,-0.26,403520824950
2018-12-28,38700,1.18,382575637240
2019-01-02,38750,0.13,304682623050
2019-01-03,37600,-2.97,472966535350
2019-01-04,37450,-0.4,525403005097
2019-01-07,38750,3.47,490833164150
2019-01-08,38100,-1.68,491578269750
2019-01-09,39600,3.94,683003582870
2019-01-10,39800,0.51,587063456542
2019-01-11,40500,1.76,470286278900
2019-01-14,40050,-1.11,481959001650
2019-01-15,41100,2.62,468237873750
2019-01-16,41450,0.85,349967824950
2019-01-17,41950,1.21,491376805142
2019-01-18,42300,0.83,465779014650
2019-01-21,42750,1.06,482175851350
2019-01-22,42150,-1.4,420046904750
2019-01-23,42000,-0.36,463297064600
2019-01-24,43050,2.5,632002060800
2019-01-25,44750,3.95,1009867914800
2019-01-28,45050,0.67,812165597086
2019-01-29,45500,1.0,729601104797
2019-01-30,46400,1.98,802319669700
2019-01-31,46150,-0.54,1007418016957
2019-02-01,46350,0.43,644179617419
2019-02-07,46200,-0.32,739207112566
2019-02-08,44800,-3.03,571010653800
2019-02-11,45000,0.45,496105674534
2019-02-12,46050,2.33,604234331980
2019-02-13,46200,0.33,522769115550
2019-02-14,47500,2.81,808870207486
2019-02-15,46050,-3.05,487928325500
2019-02-18,46200,0.33,379385585300
2019-02-19,45950,-0.54,309243749000
2019-02-20,46900,2.07,538847352577
2019-02-21,46950,0.11,406411552100
2019-02-22,47150,0.43,322775255100
2019-02-25,47350,0.42,354011544900
2019-02-26,46750,-1.27,374675186100
2019-02-27,46750,0.0,377808474774
2019-02-28,45100,-3.53,1073228686350
2019-03-04,44850,-0.55,585692172641
2019-03-05,44250,-1.34,471638443200
2019-03-06,44000,-0.56,447977041138
2019-03-07,44450,1.02,490121520107
2019-03-08,43800,-1.46,340351298588
2019-03-11,43650,-0.34,471357939175
2019-03-12,44650,2.29,508997113650
2019-03-13,43850,-1.79,356447378500
2019-03-14,43850,0.0,789951149450
2019-03-15,44200,0.8,740350091250
2019-03-18,43700,-1.13,357784123950
2019-03-19,43900,0.46,333042841600
2019-03-20,44050,0.34,429486262650
2019-03-21,45850,4.09,966296342038
2019-03-22,46550,1.53,583256207100
2019-03-25,45500,-2.26,394433133810
2019-03-26,45250,-0.55,440019808489
2019-03-27,45350,0.22,430843286900
2019-03-28,44850,-1.1,306038310100
2019-03-29,44650,-0.45,511623621750
2019-04-01,45050,0.9,332300460800
2019-04-02,45750,1.55,433628262650
2019-04-03,46600,1.86,576545187625
2019-04-04,46950,0.75,591478058953
2019-04-05,46850,-0.21,401643883300
2019-04-08,46650,-0.43,397148497800
2019-04-09,46650,0.0,320647245000
2019-04-10,46700,0.11,550967366221
2019-04-11,46250,-0.96,634752144300
2019-04-12,46850,1.3,357084147550
2019-04-15,47050,0.43,412633207600
2019-04-16,47250,0.43,364272720183
2019-04-17,47050,-0.42,260238026450
2019-04-18,45600,-3.08,589351882300
2019-04-19,45300,-0.66,386062293847
2019-04-22,45350,0.11,273125405900
2019-04-23,45200,-0.33,313179774125
2019-04-24,44750,-1.0,594100467458
2019-04-25,44650,-0.22,485378095190
2019-04-26,44850,0.45,434008341453
2019-04-29,46150,2.9,401124009550
2019-04-30,45850,-0.65,509855767200
2019-05-02,45900,0.11,395453520550
2019-05-03,45300,-1.31,298782689050
2019-05-07,44850,-0.99,538125202400
2019-05-08,44250,-1.34,462086636050
2019-05-09,42450,-4.07,993611649785
2019-05-10,42900,1.06,624673461000
2019-05-13,42650,-0.58,326874119000
2019-05-14,42650,0.0,491109676200
2019-05-15,42550,-0.23,327973978000
2019-05-16,41550,-2.35,572149879612
2019-05-17,41200,-0.84,554484416170
2019-05-20,42000,1.94,659809912200
2019-05-21,43150,2.74,815224371474
2019-05-22,43500,0.81,477853598650
2019-05-23,43850,0.8,536198002640
2019-05-24,42700,-2.62,599084523862
2019-05-27,42650,-0.12,344043547350
2019-05-28,42550,-0.23,1042865612000
2019-05-29,41800,-1.76,623333158995
2019-05-30,42550,1.79,499609785843
2019-05-31,42500,-0.12,483166570320
2019-06-03,43800,3.06,673362393454
2019-06-04,43450,-0.8,429427885923
2019-06-05,43900,1.04,548114387962
2019-06-07,44200,0.68,513994258914
2019-06-10,44800,1.36,391890812549
2019-06-11,44850,0.11,298796054387
2019-06-12,44600,-0.56,384320254600
2019-06-13,43750,-1.91,740494046450
2019-06-14,44000,0.57,408762663250
2019-06-17,43900,-0.23,521513724525
2019-06-18,44350,1.03,353712380200
2019-06-19,45350,2.25,471407748782
2019-06-20,45500,0.33,323655518900
2019-06-21,45700,0.44,430710891468
2019-06-24,45500,-0.44,276882466792
2019-06-25,45600,0.22,322055494450
2019-06-26,45700,0.22,422131883650
2019-06-27,46500,1.75,583888994023
2019-06-28,47000,1.08,607214695012
2019-07-01,46600,-0.85,531568615560
2019-07-02,46250,-0.75,393048199550
2019-07-03,45400,-1.84,441064910450
2019-07-04,46000,1.32,291453618600
2019-07-05,45650,-0.76,329446758350
2019-07-08,44400,-2.74,348372973250
2019-07-09,45100,1.58,344766406100
2019-07-10,45550,1.0,424302255500
2019-07-11,46200,1.43,509185216650
2019-07-12,46300,0.22,242358883168
2019-07-15,46450,0.32,218263191350
2019-07-16,46850,0.86,345958239250
2019-07-17,46050,-1.71,240498161650
2019-07-18,46100,0.11,236877510134
2019-07-19,46800,1.52,412852787848
2019-07-22,47200,0.85,424205013600
2019-07-23,47300,0.21,429349238170
2019-07-24,46400,-1.9,409321465430
2019-07-25,47200,1.72,395532731225
2019-07-26,47150,-0.11,369298053350
2019-07-29,46100,-2.23,317737125350
2019-07-30,46550,0.98,258641150150
2019-07-31,45350,-2.58,587387120481
2019-08-01,45200,-0.33,352893515167
2019-08-02,44950,-0.55,544793370731
2019-08-05,43950,-2.22,625945825644
2019-08-06,43500,-1.02,654804702700
2019-08-07,43200,-0.69,434499731150
2019-08-08,42650,-1.27,728073989762
2019-08-09,43150,1.17,418719202234
2019-08-12,43700,1.27,370531220719
2019-08-13,43000,-1.6,314190574087
2019-08-14,43700,1.63,383427243850
2019-08-16,43900,0.46,416192236090
2019-08-19,43600,-0.68,263401487628
2019-08-20,44450,1.95,372091601275
2019-08-21,44500,0.11,292348877350
2019-08-22,44050,-1.01,355618836720
2019-08-23,43950,-0.23,220739412887
2019-08-26,43600,-0.8,344832138542
2019-08-27,44050,1.03,742426393550
2019-08-28,44150,0.23,254051709450
2019-08-29,43400,-1.7,470572328400
2019-08-30,44000,1.38,436336508825
2019-09-02,43800,-0.45,315990555191
2019-09-03,43250,-1.26,423350120096
2019-09-04,44100,1.97,541987335135
2019-09-05,45700,3.63,832665319906
2019-09-06,46300,1.31,457523733862
2019-09-09,46900,1.3,441487237614
2019-09-10,47000,0.21,433164412079
2019-09-11,47150,0.32,761316760839
2019-09-16,47100,-0.11,728202586041
2019-09-17,46900,-0.42,328706028343
2019-09-18,47700,1.71,494000382350
2019-09-19,49150,3.04,803291510354
2019-09-20,49200,0.1,763186888796
2019-09-23,49300,0.2,372222879052
2019-09-24,49500,0.41,387800287488
2019-09-25,48900,-1.21,450710752494
2019-09-26,49200,0.61,416997074010
2019-09-27,48400,-1.63,389082071548
2019-09-30,49050,1.34,462639969057
2019-10-01,48850,-0.41,303325772450
2019-10-02,47600,-2.56,401924907550
2019-10-04,48000,0.84,448302388700
2019-10-07,47750,-0.52,338656459900
2019-10-08,48900,2.41,689495282584
2019-10-10,48550,-0.72,904488044211
2019-10-11,49150,1.24,382773784700
2019-10-14,50000,1.73,557617555504
2019-10-15,50100,0.2,303431646175
2019-10-16,50700,1.2,462745898500
2019-10-17,50500,-0.39,337530648575
2019-10-18,49900,-1.19,426947644700
2019-10-21,50300,0.8,220999176006
2019-10-22,51200,1.79,557128142700
2019-10-23,51200,0.0,443384578580
2019-10-24,50700,-0.98,1077416754960
2019-10-25,50900,0.39,400781388215
2019-10-28,51300,0.79,329526364800
2019-10-29,51100,-0.39,387754807400
2019-10-30,50400,-1.37,452020459800
2019-10-31,50400,0.0,525166427240
2019-11-01,51200,1.59,422791080695
2019-11-04,52300,2.15,677400213024
2019-11-05,52700,0.76,555449246731
2019-11-06,53300,1.14,762569938800
2019-11-07,52900,-0.75,488509940000
2019-11-08,52100,-1.51,610282480568
2019-11-11,51600,-0.96,423836375400
2019-11-12,52600,1.94,342965962768
2019-11-13,52500,-0.19,325646010400
2019-11-14,52800,0.57,630539802800
2019-11-15,53700,1.7,518314735700
2019-11-18,53500,-0.37,414198897643
2019-11-19,53500,0.0,473053167900
2019-11-20,52000,-2.8,659160082100
2019-11-21,51000,-1.92,729351449095
2019-11-22,51600,1.18,435737139400
2019-11-25,51800,0.39,472175585364
2019-11-26,51800,0.0,1424278443400
2019-11-27,52200,0.77,392691809100
2019-11-28,51300,-1.72,353450137280
2019-11-29,50300,-1.95,564595695520
2019-12-02,50400,0.2,944328229958
2019-12-03,49900,-0.99,602054578125
2019-12-04,49450,-0.9,654934907032
2019-12-05,49500,0.1,520066824288
2019-12-06,50400,1.82,575969563191
2019-12-09,51200,1.59,432759572820
2019-12-10,51500,0.59,352659899000
2019-12-11,51900,0.78,589979802358
2019-12-12,53300,2.7,1551714040400
2019-12-13,54700,2.63,987028214950
2019-12-16,54700,0.0,630059638501
2019-12-17,56700,3.66,1087303287900
2019-12-18,56300,-0.71,878485590900
2019-12-19,56000,-0.53,799290537431
2019-12-20,56000,0.0,677520520600
2019-12-23,55500,-0.89,546622686828
2019-12-24,55000,-0.9,655144129100
2019-12-26,55400,0.73,530104740900
2019-12-27,56500,1.99,692415134500
2019-12-30,55800,-1.24,467929804000
2020-01-02,55200,-1.08,719663194492
2020-01-03,55500,0.54,860206709400
2020-01-06,55500,0.0,567461518576
2020-01-07,55800,0.54,560226659600
2020-01-08,56800,1.79,1330939275000
2020-01-09,58600,3.17,1402996580240
2020-01-10,59500,1.54,945370595609
2020-01-13,60000,0.84,677775904500
2020-01-14,60000,0.0,1021497902472
2020-01-15,59000,-1.67,846497803148
2020-01-16,60700,2.88,862500254132
2020-01-17,61300,0.99,984566747211
2020-01-20,62400,1.79,781048125700
2020-01-21,61400,-1.6,686991404500
2020-01-22,62300,1.47,943882357729
2020-01-23,60800,-2.41,912319470070
2020-01-28,58800,-3.29,1394361672900
2020-01-29,59100,0.51,975344481100
2020-01-30,57200,-3.21,1202914994182
2020-01-31,56400,-1.4,1132894868886
2020-02-03,57200,1.42,1354043037985
2020-02-04,58900,2.97,1271098154792
2020-02-05,59500,1.02,1147948101875
2020-02-06,61100,2.69,889351613760
2020-02-07,60400,-1.15,989081174058
2020-02-10,59700,-1.16,779716562160
2020-02-11,59900,0.34,665611292200
2020-02-12,60500,1.0,776552625500
2020-02-13,60700,0.33,1127648710000
2020-02-14,61800,1.81,814138135400
2020-02-17,61500,-0.49,538520786200
2020-02-18,59800,-2.76,1004070367400
2020-02-19,60200,0.67,775714875900
2020-02-20,60000,-0.33,880828906700
2020-02-21,59200,-1.33,817158847200
2020-02-24,56800,-4.05,1470408487400
2020-02-25,57900,1.94,1368868270940
2020-02-26,56500,-2.42,1440950384200
2020-02-27,55900,-1.06,1301501421886
2020-02-28,54200,-3.04,1642134682946
2020-03-02,55000,1.48,1665341867719
2020-03-03,55400,0.73,1702259497750
2020-03-04,57400,3.61,1405494544044
2020-03-05,57800,0.7,1245378832100
2020-03-06,56500,-2.25,1058857640100
2020-03-09,54200,-4.07,1642720550800
2020-03-10,54600,0.74,1744478326491
2020-03-11,52100,-4.58,2425785996150
2020-03-12,50800,-2.5,2436965909150
2020-03-13,49950,-1.67,2902883152100
2020-03-16,48900,-2.1,1657128732300
2020-03-17,47300,-3.27,2453541661000
2020-03-18,45600,-3.59,1896703404150
2020-03-19,42950,-5.81,2502939391663
2020-03-20,45400,5.7,2221272156100
2020-03-23,42500,-6.39,1789671838540
2020-03-24,46950,10.47,2254620196840
2020-03-25,48650,3.62,2552010175155
2020-03-26,47800,-1.75,2044314125302
2020-03-27,48300,1.05,1931405584780
2020-03-30,47850,-0.93,1268118958800
2020-03-31,47750,-0.21,1467323482646
2020-04-01,45800,-4.08,1282482561850
2020-04-02,46800,2.18,997831026144
2020-04-03,47000,0.43,1074179776900
2020-04-06,48700,3.62,1123253804353
2020-04-07,49600,1.85,1561332868425
2020-04-08,48600,-2.02,1230375023250
2020-04-09,49100,1.03,1111936132700
2020-04-10,49250,0.31,872177014700
2020-04-13,48300,-1.93,700511423000
2020-04-14,49000,1.45,694513122356
2020-04-16,49000,0.0,1143759563262
2020-04-17,51400,4.9,1641068274800
2020-04-20,50100,-2.53,1106551694407
2020-04-21,49250,-1.7,1347414680188
2020-04-22,49850,1.22,912223008750
2020-04-23,49850,0.0,936174022950
2020-04-24,49350,-1.0,771212431650
2020-04-27,49850,1.01,697230549360
2020-04-28,50100,0.5,800260923102
2020-04-29,50000,-0.2,780706354100
2020-05-04,48500,-3.0,1270816552521
2020-05-06,49200,1.44,882453648920
2020-05-07,48800,-0.81,679668516460
2020-05-08,48800,0.0,752271196120
2020-05-11,48400,-0.82,797523862042
2020-05-12,47900,-1.03,1122420047086
2020-05-13,48550,1.36,966405911050
2020-05-14,48000,-1.13,924043501923
2020-05-15,47850,-0.31,887550446744
2020-05-18,48800,1.99,995409039450
2020-05-19,50300,3.07,1261317730005
2020-05-20,50000,-0.6,744469755655
2020-05-21,49950,-0.1,748343432800
2020-05-22,48750,-2.4,965729655667
2020-05-25,48850,0.21,698563353200
2020-05-26,49250,0.82,742843644150
2020-05-27,49900,1.32,969951903266
2020-05-28,50400,1.0,1585346422778
2020-05-29,50700,0.6,1390445842147
2020-06-01,51200,0.99,864647248100
2020-06-02,51400,0.39,730124279860
2020-06-03,54500,6.03,2655435431458
2020-06-04,54600,0.18,2236419728472
2020-06-05,55500,1.65,1254429842650
2020-06-08,54900,-1.08,1418831067805
2020-06-09,55500,1.09,1326558066100
2020-06-10,55400,-0.18,927393114690
2020-06-11,54300,-1.99,1832273837760
2020-06-12,52300,-3.68,1410310719795
2020-06-15,49900,-4.59,1468000064800
2020-06-16,52100,4.41,1124878770600
2020-06-17,52200,0.19,1390772012000
2020-06-18,52300,0.19,830793475311
2020-06-19,52900,1.15,950404357573
2020-06-22,52000,-1.7,720717590485
2020-06-23,51400,-1.15,937055386584
2020-06-24,52900,2.92,1301305533100
2020-06-25,51900,-1.89,970494909540
2020-06-26,53300,2.7,1146335751523
2020-06-29,52400,-1.69,934880364880
2020-06-30,52800,0.76,1129431038800
2020-07-01,52600,-0.38,884144616500
2020-07-02,52900,0.57,742668048500
2020-07-03,53600,1.32,633333112600
2020-07-06,55000,2.61,1084003637100
2020-07-07,53400,-2.91,1672753640892
2020-07-08,53000,-0.75,1049005171762
2020-07-09,52800,-0.38,906942878150
2020-07-10,52700,-0.19,722449635016
2020-07-13,53400,1.33,654721870500
2020-07-14,53800,0.75,763627089664
2020-07-15,54700,1.67,1317316063250
2020-07-16,53800,-1.65,909095378660
2020-07-17,54400,1.12,549370576992
2020-07-20,54200,-0.37,571387369575
2020-07-21,55300,2.03,1009862822645
2020-07-22,54700,-1.08,708749076605
2020-07-23,54100,-1.1,876160340400
2020-07-24,54200,0.18,594537647200
2020-07-27,55600,2.58,1165206653173
2020-07-28,58600,5.4,2803148376939
2020-07-29,59000,0.68,2169959308582
2020-07-30,59000,0.0,1147803957700
2020-07-31,57900,-1.86,1282932055676
2020-08-03,56800,-1.9,1209657414100
2020-08-04,57300,0.88,1115746295800
2020-08-05,56900,-0.7,1007826798950
2020-08-06,58000,1.93,1250813614044
2020-08-07,57500,-0.86,1081791206100
2020-08-10,57800,0.52,1029079820059
2020-08-11,58200,0.69,1462107447200
2020-08-12,59000,1.37,1083108188236
2020-08-13,58700,-0.51,1300659649700
2020-08-14,58000,-1.19,909052518800
2020-08-18,58400,0.69,1490616755852
2020-08-19,57800,-1.03,988995651300
2020-08-20,55400,-4.15,1709571902444
2020-08-21,55900,0.9,1190753262800
2020-08-24,56100,0.36,843921714200
2020-08-25,56400,0.53,790968401812
2020-08-26,56400,0.0,989962031580
2020-08-27,55600,-1.42,903860902050
2020-08-28,55400,-0.36,815588008400
2020-08-31,54000,-2.53,1786245513500
2020-09-01,54200,0.37,1052420037800
2020-09-02,54400,0.37,922056312614
2020-09-03,56400,3.68,1598059625582
2020-09-04,55600,-1.42,1228386611600
2020-09-07,56500,1.62,1056350331000
2020-09-08,58700,3.89,1832705754500
2020-09-09,58400,-0.51,1791534297254
2020-09-10,59200,1.37,1781328402942
2020-09-11,59000,-0.34,942685984646
2020-09-14,60400,2.37,1245767959295
2020-09-15,61000,0.99,1086697538650
2020-09-16,61000,0.0,1038410020500
2020-09-17,59500,-2.46,1501982218002
2020-09-18,59300,-0.34,1121249648513
2020-09-21,59200,-0.17,901307763394
2020-09-22,58200,-1.69,1220859748740
2020-09-23,58600,0.69,1168864315200
2020-09-24,57800,-1.37,1017854385100
2020-09-25,57900,0.17,662845003372
2020-09-28,58200,0.52,736197322600
2020-09-29,58200,0.0,906226742600
2020-10-05,58700,0.86,1183456525264
2020-10-06,59000,0.51,856996117132
2020-10-07,59900,1.53,881415107100
2020-10-08,59700,-0.33,1473634246833
2020-10-12,60400,1.17,972249295640
2020-10-13,60900,0.83,1171363073700
2020-10-14,60900,0.0,978464277839
2020-10-15,60000,-1.48,1066156791500
2020-10-16,59500,-0.83,987630872630
2020-10-19,60000,0.84,867445905100
2020-10-20,60900,1.5,1172317250906
2020-10-21,60900,0.0,959154941000
2020-10-22,60100,-1.31,858048333246
2020-10-23,60200,0.17,560419899005
2020-10-26,60400,0.33,803140204300
2020-10-27,59800,-0.99,1032623352660
2020-10-28,59000,-1.34,851618619425
2020-10-29,58100,-1.53,1313484238200
2020-10-30,56600,-2.58,1541223383000
2020-11-02,57400,1.41,1165272782935
2020-11-03,58800,2.44,873635908544
2020-11-04,58500,-0.51,1269055231850
2020-11-05,60300,3.08,1232654470000
2020-11-06,60100,-0.33,1015446062300
2020-11-09,60200,0.17,962261517220
2020-11-10,60200,0.0,1144230876258
2020-11-11,61300,1.83,1562195790430
2020-11-12,61000,-0.49,1208396630080
2020-11-13,63200,3.61,1962139786626
2020-11-16,66300,4.91,2384455883700
2020-11-17,65700,-0.9,1999330006280
2020-11-18,64800,-1.37,1495190594762
2020-11-19,64600,-0.31,1066784816800
2020-11-20,64700,0.15,973133163547
2020-11-23,67500,4.33,1811363067200
2020-11-24,67700,0.3,2194516840235
2020-11-25,66600,-1.62,2185553286350
2020-11-26,68000,2.1,1279790447375
2020-11-27,68200,0.29,957450603551
2020-11-30,66700,-2.2,2946475687804
2020-12-01,67800,1.65,1513603485956
2020-12-02,69500,2.51,2060700628380
2020-12-03,69700,0.29,1654493266700
2020-12-04,71500,2.58,2010489248016
2020-12-07,72900,1.96,2071956768562
2020-12-08,71700,-1.65,1804281313280
2020-12-09,73900,3.07,1758752959520
2020-12-10,72900,-1.35,2916536731883
2020-12-11,73400,0.69,1356958867500
2020-12-14,73800,0.54,1590299594150
2020-12-15,73800,0.0,1538015446864
2020-12-16,73800,0.0,1291858716200
2020-12-17,73300,-0.68,1777212529448
2020-12-18,73000,-0.41,1289758794110
2020-12-21,73000,0.0,1477330803829
2020-12-22,72300,-0.96,1183242835700
2020-12-23,73900,2.21,1419205113900
2020-12-24,77800,5.28,2486986812800
2020-12-28,78700,1.16,3172810866091
2020-12-29,78300,-0.51,2368814098000
2020-12-30,81000,3.45,2344317462700
2021-01-04,83000,2.47,3185356823460
2021-01-05,83900,1.08,2915618322800
2021-01-06,82200,-2.03,3506903681680
2021-01-07,82900,0.85,2726112459660
2021-01-08,88800,7.12,5083939899952
2021-01-11,91000,2.48,8379237727064
2021-01-12,90600,-0.44,4362546108950
2021-01-13,89700,-0.99,3244066562850
2021-01-14,89700,0.0,2356661622700
2021-01-15,88000,-1.9,2975231937664
2021-01-18,85000,-3.41,3715775992600
2021-01-19,87000,2.35,3441342754500
2021-01-20,87200,0.23,2205739149700
2021-01-21,88100,1.03,2211209788500
2021-01-22,86800,-1.48,2717635251520
2021-01-25,89400,3.0,2410066876846
2021-01-26,86700,-3.02,2899318433100
2021-01-27,85600,-1.27,2282487598000
2021-01-28,83700,-2.22,2676569098000
2021-01-29,82000,-2.03,3292344404628
2021-02-01,83000,1.22,2311656941176
2021-02-02,84400,1.69,2234863449476
2021-02-03,84600,0.24,1864450334050
2021-02-04,82500,-2.48,2000202343000
2021-02-05,83500,1.21,1499217618600
2021-02-08,83000,-0.6,1281925400900
2021-02-09,82700,-0.36,1748440766360
2021-02-10,81600,-1.33,1888591264669
2021-02-15,84200,3.19,1978336504100
2021-02-16,84900,0.83,1740792201903
2021-02-17,83200,-2.0,1526409421172
2021-02-18,82100,-1.32,1762033944231
2021-02-19,82600,0.61,2121275310450
2021-02-22,82200,-0.48,2113624966100
2021-02-23,82000,-0.24,1683933027000
2021-02-24,82000,0.0,2208585141393
2021-02-25,85300,4.02,2880259491180
2021-02-26,82500,-3.28,3175845143233
2021-03-02,83600,1.33,2823604648915
2021-03-03,84000,0.48,1659122458768
2021-03-04,82400,-1.9,2010257798200
2021-03-05,82100,-0.36,1677602868700
2021-03-08,82000,-0.12,1448480913600
2021-03-09,81400,-0.73,2066544317650
2021-03-10,80900,-0.61,1632812662321
2021-03-11,82000,1.36,1952164587512
2021-03-12,82800,0.98,1121128514600
2021-03-15,81800,-1.21,1128533403400
2021-03-16,82800,1.22,1014280956368
2021-03-17,82300,-0.6,957444384952
2021-03-18,82900,0.73,1545980791426
2021-03-19,81900,-1.21,1301953467700
2021-03-22,82000,0.12,1039543136201
2021-03-23,81800,-0.24,1092867144552
2021-03-24,81000,-0.98,1454204203800
2021-03-25,81200,0.25,1200699288823
2021-03-26,81500,0.37,1044261903000
2021-03-29,81600,0.12,1216567675700
2021-03-30,82200,0.74,1074968693016
2021-03-31,81400,-0.97,1413779202400
2021-04-01,82900,1.84,1542484638200
2021-04-02,84800,2.29,1947586897500
2021-04-05,85400,0.71,1385160353200
2021-04-06,86000,0.7,1633460653000
2021-04-07,85600,-0.47,1532760739551
2021-04-08,84700,-1.05,1629938227200
2021-04-09,83600,-1.3,1527078831700
2021-04-12,83200,-0.48,1078274477112
2021-04-13,84000,0.96,1276903128038
2021-04-14,84000,0.0,1156326758700
2021-04-15,84100,0.12,1375438313400
2021-04-16,83900,-0.24,1294516674200
2021-04-19,83300,-0.72,1277281507900
2021-04-20,83900,0.72,1298185983040
2021-04-21,82600,-1.55,1792608597200
2021-04-22,82400,-0.24,1151303986200
2021-04-23,82800,0.49,1464208204100
2021-04-26,83500,0.85,1286360030996
2021-04-27,82900,-0.72,1071381962500
2021-04-28,82100,-0.97,1284554388615
2021-04-29,81700,-0.49,1638811445660
2021-04-30,81500,-0.24,1525090284512
2021-05-03,81700,0.25,1284767138340
2021-05-04,82600,1.1,1030147174860
2021-05-06,82300,-0.36,1397109294200
2021-05-07,81900,-0.49,1158685043300
2021-05-10,83200,1.59,1603729206300
2021-05-11,81200,-2.4,2365998053700
2021-05-12,80000,-1.48,2876601949600
2021-05-13,78500,-1.88,2482903301914
2021-05-14,80100,2.04,1313024424300
2021-05-17,79600,-0.62,1414228804206
2021-05-18,79600,0.0,1393769049380
2021-05-20,79500,-0.13,1314426651400
2021-05-21,80100,0.75,1687345199300
2021-05-24,79700,-0.5,1069031356223
2021-05-25,79900,0.25,1091584785700
2021-05-26,79800,-0.13,959016261770
2021-05-27,79600,-0.25,1845463410840
2021-05-28,80100,0.63,988665902752
2021-05-31,80500,0.5,1065281026200
2021-06-01,80600,0.12,1135461759600
2021-06-02,80800,0.25,1327714187652
2021-06-03,82800,2.48,2438122987382
2021-06-04,82200,-0.72,1487791197200
2021-06-07,81900,-0.36,1353520859143
2021-06-08,81900,0.0,1049384778500
2021-06-09,81100,-0.98,1214345795800
2021-06-10,81000,-0.12,1426082429800
2021-06-11,81000,0.0,1142077783332
2021-06-14,80500,-0.62,850453174124
2021-06-15,80900,0.5,814156162500
2021-06-16,81800,1.11,1223108169181
2021-06-17,80900,-1.1,1132293020100
2021-06-18,80500,-0.49,1202369230300
2021-06-21,79900,-0.75,1282081340900
2021-06-22,80000,0.13,942656966106
2021-06-23,80100,0.13,1110045011672
2021-06-24,81200,1.37,1515729920909
2021-06-25,81600,0.49,1099148742353
2021-06-28,81900,0.37,946992165410
2021-06-29,81000,-1.1,1277813841567
2021-06-30,80700,-0.37,1075902355151
2021-07-01,80100,-0.74,1073188213795
2021-07-02,80000,-0.12,701206526029
2021-07-05,80400,0.5,670345813400
2021-07-06,81200,1.0,982536524900
2021-07-07,80800,-0.49,1289550531000
2021-07-08,79900,-1.11,1338741304400
2021-07-09,79400,-0.63,1801821474504
2021-07-12,79700,0.38,779142132784
2021-07-13,79800,0.13,788804172500
2021-07-14,79500,-0.38,918601137185
2021-07-15,80600,1.38,1102123440533
2021-07-16,79800,-0.99,865953289940
2021-07-19,79000,-1.0,1039019131200
2021-07-20,79000,0.0,979765694400
2021-07-21,78500,-0.63,971439241800
2021-07-22,79700,1.53,1003545619247
2021-07-23,79300,-0.5,723397885611
2021-07-26,78800,-0.63,792954940200
2021-07-27,78500,-0.38,900948843000
2021-07-28,79200,0.89,1000757015703
2021-07-29,79000,-0.25,1134761032300
2021-07-30,78500,-0.63,1086488907610
2021-08-02,79300,1.02,929153637896
2021-08-03,81400,2.65,1966480433000
2021-08-04,82900,1.84,2117643006850
2021-08-05,82100,-0.97,1526103630900
2021-08-06,81500,-0.73,1090225883400
2021-08-09,81500,0.0,1267668377900
2021-08-10,80200,-1.6,1643107615500
2021-08-11,78500,-2.12,2389977254924
2021-08-12,77000,-1.91,3276635421700
2021-08-13,74400,-3.38,4575267536355
2021-08-17,74200,-0.27,2304422906794
2021-08-18,73900,-0.4,2156728137400
2021-08-19,73100,-1.08,1630828844000
2021-08-20,72700,-0.55,1633795697700
2021-08-23,73300,0.83,1424674875510
2021-08-24,75600,3.14,1574547628640
2021-08-25,75700,0.13,1688297846500
2021-08-26,74600,-1.45,1254628461500
2021-08-27,74300,-0.4,1128028045800
2021-08-30,74600,0.4,945673383900
2021-08-31,76700,2.82,1864084402507
2021-09-01,76800,0.13,1233406384400
2021-09-02,76000,-1.04,1168535621773
2021-09-03,76600,0.79,925331114200
2021-09-06,77300,0.91,993041466900
2021-09-07,76100,-1.55,1008596148650
2021-09-08,76300,0.26,897864198600
2021-09-09,75300,-1.31,1329972274100
2021-09-10,75300,0.0,760038461600
2021-09-13,76300,1.33,865368373800
2021-09-14,76600,0.39,1404205788220
2021-09-15,77000,0.52,987846688544
2021-09-16,76100,-1.17,1000180664750
2021-09-17,77200,1.45,1250677861383
2021-09-23,77400,0.26,1318209157168
2021-09-24,77300,-0.13,947458981757
2021-09-27,77700,0.52,906520162508
2021-09-28,76300,-1.8,1182788461030
2021-09-29,74100,-2.88,1783148126490
2021-09-30,74100,0.0,1478002111149
2021-10-01,73200,-1.21,1157440977580
2021-10-05,72200,-1.37,1729663019790
2021-10-06,71300,-1.25,1361134080400
2021-10-07,71600,0.42,981528388448
2021-10-08,71500,-0.14,1009009438500
2021-10-12,69000,-3.5,2151234190950
2021-10-13,68800,-0.29,1670335641584
2021-10-14,69400,0.87,1352533826700
2021-10-15,70100,1.01,1270264426455
2021-10-18,70200,0.14,942009349900
2021-10-19,70600,0.57,671983122600
2021-10-20,70300,-0.42,715666115800
2021-10-21,70200,-0.14,766060174200
2021-10-22,70400,0.28,590534144700
2021-10-25,70200,-0.28,702792157900
2021-10-26,71100,1.28,746412840225
2021-10-27,70100,-1.41,723286321636
2021-10-28,70700,0.86,1459533451800
2021-10-29,69800,-1.27,1196597498200
2021-11-01,69900,0.14,807716414830
2021-11-02,71500,2.29,1204672538100
2021-11-03,70400,-1.54,901884731944
2021-11-04,70600,0.28,839689026002
2021-11-05,70200,-0.57,893824641500
2021-11-08,70600,0.57,780514063641
2021-11-09,70500,-0.14,785532089300
2021-11-10,70200,-0.43,663952838500
2021-11-11,69900,-0.43,802183238200
2021-11-12,70600,1.0,711487813500
2021-11-15,71400,1.13,888880719596
2021-11-16,71300,-0.14,782118934000
2021-11-17,70700,-0.84,782835405900
2021-11-18,70200,-0.71,715155784712
2021-11-19,71200,1.42,844715736500
2021-11-22,74900,5.2,2047227974600
2021-11-23,75300,0.53,1656722300700
2021-11-24,74800,-0.66,1174195612600
2021-11-25,73700,-1.47,929571252060
2021-11-26,72300,-1.9,944377957159
2021-11-29,72300,0.0,1206605509200
2021-11-30,71300,-1.38,2183677859000
2021-12-01,74400,4.35,1610884710200
2021-12-02,75800,1.88,1778784775812
2021-12-03,75600,-0.26,1375860953642
2021-12-06,76300,0.93,1245309081800
2021-12-07,77400,1.44,1477888023100
2021-12-08,77400,0.0,1662978972800
2021-12-09,78200,1.03,1681184112100
2021-12-10,76900,-1.66,705966272740
2021-12-13,76800,-0.13,1163285000550
2021-12-14,77000,0.26,841446671988
2021-12-15,77600,0.78,738591816100
2021-12-16,77800,0.26,934244160164
2021-12-17,78000,0.26,1016846497195
2021-12-20,77100,-1.15,869972000855
2021-12-21,78100,1.3,1110658660990
2021-12-22,79400,1.66,1354311131000
2021-12-23,79900,0.63,1083055928000
2021-12-24,80500,0.75,973661791400
2021-12-27,80200,-0.37,864327041000
2021-12-28,80300,0.12,1458198874200
2021-12-29,78800,-1.87,1569040228400
2021-12-30,78300,-0.63,1120743115800
2022-01-03,78600,0.38,1066006837750
2022-01-04,78700,0.13,977990613000
2022-01-05,77400,-1.65,1967841509800
2022-01-06,76900,-0.65,996378432570
2022-01-07,78300,1.82,1184236552700
2022-01-10,78000,-0.38,772740467800
2022-01-11,78900,1.15,1038834579600
2022-01-12,78900,0.0,868910854000
2022-01-13,77900,-1.27,1088598373464
2022-01-14,77300,-0.77,781574668408
2022-01-17,77500,0.26,678903113900
2022-01-18,77000,-0.65,740278857400
2022-01-19,76300,-0.91,810150634900
2022-01-20,76500,0.26,741154141302
2022-01-21,75600,-1.18,1186292783000
2022-01-24,75100,-0.66,1028859496700
2022-01-25,74000,-1.46,1313117613328
2022-01-26,73300,-0.95,955547183400
2022-01-27,71300,-2.73,1603685111200
2022-01-28,73300,2.81,1552585967650
2022-02-03,73300,0.0,1314506070081
2022-02-04,74000,0.95,941413120563
2022-02-07,73000,-1.35,1037300433232
2022-02-08,73500,0.68,863666435400
2022-02-09,74700,1.63,722221184750
2022-02-10,75400,0.94,1337516647000
2022-02-11,74900,-0.66,915455022610
2022-02-14,73700,-1.6,1030683563200
2022-02-15,73700,0.0,686706909200
2022-02-16,74800,1.49,802448854700
2022-02-17,75000,0.27,1021980123500
2022-02-18,74300,-0.93,751583038400
2022-02-21,74200,-0.13,769773939300
2022-02-22,73400,-1.08,854469006291
2022-02-23,73000,-0.54,759964784500
2022-02-24,71500,-2.05,1130166428800
2022-02-25,71900,0.56,950762004400
2022-02-28,72100,0.28,1272250751300
2022-03-02,71700,-0.55,897368743880
2022-03-03,72900,1.67,962676478940
2022-03-04,71500,-1.92,960572417800
2022-03-07,70100,-1.96,1305288850400
2022-03-08,69500,-0.86,1100279437100
2022-03-10,71200,2.45,1500935516076
2022-03-11,70000,-1.69,1105586321900
2022-03-14,70200,0.29,632752468500
2022-03-15,69500,-1.0,715550312992
2022-03-16,70400,1.29,713364992981
2022-03-17,71200,1.14,1258698481050
2022-03-18,70700,-0.7,1017183110700
2022-03-21,69900,-1.13,784175429300
2022-03-22,70300,0.57,660385691100
2022-03-23,70500,0.28,875833161100
2022-03-24,69800,-0.99,2628885553700
2022-03-25,69800,0.0,906006321000
2022-03-28,69700,-0.14,878172199900
2022-03-29,70200,0.72,958589509700
2022-03-30,69900,-0.43,887514318650
2022-03-31,69600,-0.43,873212583300
2022-04-01,69100,-0.72,1100422376400
2022-04-04,69300,0.29,766930294459
2022-04-05,69200,-0.14,586498194900
2022-04-06,68500,-1.01,1064606110092
2022-04-07,68000,-0.73,1409872624700
2022-04-08,67800,-0.29,1050375034852
2022-04-11,67900,0.15,831094572700
2022-04-12,67000,-1.33,936611863500
2022-04-13,68700,2.54,1183210424500
2022-04-14,67500,-1.75,1112667612000
2022-04-15,66600,-1.33,878858388800
2022-04-18,66700,0.15,675310095100
2022-04-19,67300,0.9,876087930051
2022-04-20,67400,0.15,1116160503800
2022-04-21,67700,0.45,872983300180
2022-04-22,67000,-1.03,789392306300
2022-04-25,66300,-1.04,731676244400
2022-04-26,66100,-0.3,858461258448
2022-04-27,65000,-1.66,1179918512650
2022-04-28,64800,-0.31,1094277578880
2022-04-29,67400,4.01,1747030218800
2022-05-02,67300,-0.15,946016270200
2022-05-03,67500,0.3,962643054300
2022-05-04,67900,0.59,781073326235
2022-05-06,66500,-2.06,957335193600
2022-05-09,66100,-0.6,787562955000
2022-05-10,65700,-0.61,1132067708900
2022-05-11,65700,0.0,812298026600
2022-05-12,64900,-1.22,1069685385550
2022-05-13,66500,2.47,962476162900
2022-05-16,66300,-0.3,796060691900
2022-05-17,67600,1.96,1058322764800
2022-05-18,68100,0.74,1122585202585
2022-05-19,67500,-0.88,1147743790508
2022-05-20,68000,0.74,824048609800
2022-05-23,67900,-0.15,931341158100
2022-05-24,66500,-2.06,1035492905500
2022-05-25,66400,-0.15,1007805029400
2022-05-26,65900,-0.75,1057298883100
2022-05-27,66500,0.91,759034579700
2022-05-30,67700,1.8,960592764000
2022-05-31,67400,-0.44,1637773742750
2022-06-02,66700,-1.04,996681075588
2022-06-03,66800,0.15,550654655700
2022-06-07,65500,-1.95,1273444989300
2022-06-08,65300,-0.31,817379109300
2022-06-09,65200,-0.15,1673763680952
2022-06-10,63800,-2.15,1419245099700
2022-06-13,62100,-2.66,1380636801900
2022-06-14,61900,-0.32,1519195265000
2022-06-15,60700,-1.94,1630190882434
2022-06-16,60900,0.33,1431052309321
2022-06-17,59800,-1.81,1732449618748
2022-06-20,58700,-1.84,1997076972175
2022-06-21,58500,-0.34,1474998298400
2022-06-22,57600,-1.54,1360076149300
2022-06-23,57400,-0.35,1627019443340
2022-06-24,58400,1.74,1359292776100
2022-06-27,58800,0.68,1071186745402
2022-06-28,59400,1.02,800041009700
2022-06-29,58000,-2.36,855770425874
2022-06-30,57000,-1.72,1082799462452
2022-07-01,56200,-1.4,1412473217495
2022-07-04,57100,1.6,1012586831300
2022-07-05,57200,0.18,818079785900
2022-07-06,56400,-1.4,955957046500
2022-07-07,58200,3.19,1234677644065
2022-07-08,58700,0.86,902198939736
2022-07-11,58800,0.17,771042671500
2022-07-12,58100,-1.19,544403361000
2022-07-13,58000,-0.17,631711977700
2022-07-14,57500,-0.86,869131233435
2022-07-15,60000,4.35,1104045143300
2022-07-18,61900,3.17,1277727157981
2022-07-19,60900,-1.62,925919721166
2022-07-20,60500,-0.66,1025939109200
2022-07-21,61800,2.15,754854999650
2022-07-22,61300,-0.81,631872940300
2022-07-25,61100,-0.33,565540190900
2022-07-26,61700,0.98,405310045900
2022-07-27,61800,0.16,449989960800
2022-07-28,61900,0.16,667085256100
2022-07-29,61400,-0.81,932917972000
2022-08-01,61300,-0.16,803034710500
2022-08-02,61700,0.65,837567187000
2022-08-03,61300,-0.65,615480978400
2022-08-04,61500,0.33,561835808800
2022-08-05,61500,0.0,588582544800
2022-08-08,60800,-1.14,689020306900
2022-08-09,60000,-1.32,1094260322600
2022-08-10,59100,-1.5,1065592854894
2022-08-11,59900,1.35,903738904000
2022-08-12,60200,0.5,648793200100
2022-08-16,61000,1.33,917516142200
2022-08-17,60400,-0.98,550059085700
2022-08-18,61500,1.82,997986949000
2022-08-19,60900,-0.98,421908759900
2022-08-22,60000,-1.48,495732266100
2022-08-23,59100,-1.5,535657353300
2022-08-24,59000,-0.17,525406965200
2022-08-25,59700,1.19,342780937200
2022-08-26,60000,0.5,573040309950
2022-08-29,58600,-2.33,577684200900
2022-08-30,58800,0.34,567627668500
2022-08-31,59700,1.53,841319635900
2022-09-01,58400,-2.18,872374620601
2022-09-02,57500,-1.54,872040367551
2022-09-05,57100,-0.7,653884056584
2022-09-06,57100,0.0,429152038700
2022-09-07,56000,-1.93,975695179700
2022-09-08,55600,-0.71,1006366398000
2022-09-13,58100,4.5,991015891355
2022-09-14,56800,-2.24,709906007000
2022-09-15,56000,-1.41,657641711500
2022-09-16,56200,0.36,752455682838
2022-09-19,56400,0.36,693636680000
2022-09-20,55800,-1.06,788331519815
2022-09-21,55300,-0.9,655017421100
2022-09-22,54400,-1.63,696058101600
2022-09-23,54500,0.18,575503622100
2022-09-26,53900,-1.1,807353273300
2022-09-27,54200,0.56,897144417709
2022-09-28,52900,-2.4,1064665579214
2022-09-29,52600,-0.57,737730681500
2022-09-30,53100,0.95,1187343660500
2022-10-04,55200,3.95,1056852669700
2022-10-05,56000,1.45,1261934048318
2022-10-06,56300,0.54,848081763100
2022-10-07,56200,-0.18,949027146468
2022-10-11,55400,-1.42,1172168853325
2022-10-12,55800,0.72,1032656163200
2022-10-13,55200,-1.08,765435187900
2022-10-14,56300,1.99,726962989400
2022-10-17,56600,0.53,769638197200
2022-10-18,56500,-0.18,835744764000
2022-10-19,55800,-1.24,710947532900
2022-10-20,55500,-0.54,949265250905
2022-10-21,55900,0.72,640343092816
2022-10-24,57500,2.86,968892104300
2022-10-25,57700,0.35,1009512119302
2022-10-26,59400,2.95,1227076491560
2022-10-27,59500,0.17,1296030977930
2022-10-28,57300,-3.7,1213293156195
2022-10-31,59400,3.66,1126467842000
2022-11-01,60000,1.01,1030380927406
2022-11-02,59600,-0.67,787057605000
2022-11-03,59200,-0.67,1029199659366
2022-11-04,59400,0.34,734525784600
2022-11-07,60200,1.35,747350127100
2022-11-08,61800,2.66,1123976801804
2022-11-09,62000,0.32,869644724000
2022-11-10,60400,-2.58,1283005045328
2022-11-11,62900,4.14,1257129641861
2022-11-14,61900,-1.59,993352234080
2022-11-15,62400,0.81,764117239743
2022-11-16,62700,0.48,804219667250
2022-11-17,61400,-2.07,819118806800
2022-11-18,61800,0.65,757454905470
2022-11-21,61400,-0.65,573783339409
2022-11-22,60600,-1.3,571460562800
2022-11-23,61000,0.66,534580211500
2022-11-24,61400,0.66,497273294550
2022-11-25,61000,-0.65,407953216200
2022-11-28,60100,-1.48,515486605100
2022-11-29,60600,0.83,422226001673
2022-11-30,62200,2.64,1218354958444
2022-12-01,62600,0.64,1044546161950
2022-12-02,60400,-3.51,935960853120
2022-12-05,60300,-0.17,832613739000
2022-12-06,59200,-1.82,827339804388
2022-12-07,58900,-0.51,714083283900
2022-12-08,59200,0.51,766212023592
2022-12-09,60400,2.03,633777717900
2022-12-12,59500,-1.49,538557972800
2022-12-13,59700,0.34,539587782200
2022-12-14,60500,1.34,495209255105
2022-12-15,59300,-1.98,519762171147
2022-12-16,59500,0.34,769867746731
2022-12-19,59500,0.0,457558919300
2022-12-20,58600,-1.51,545533294130
2022-12-21,58000,-1.02,603985894600
2022-12-22,59100,1.9,628698962726
2022-12-23,58100,-1.69,570401785680
2022-12-26,57900,-0.34,391223170600
2022-12-27,58100,0.35,620410096800
2022-12-28,56600,-2.58,832919426100
2022-12-29,55300,-2.3,628653753150
2023-01-02,55500,0.36,558433491400
2023-01-03,55400,-0.18,747898872200
2023-01-04,57800,4.33,1151473733800
2023-01-05,58200,0.69,911973904900
2023-01-06,59000,1.37,1018769177900
2023-01-09,60700,2.88,1124606672500
2023-01-10,60400,-0.49,898812198128
2023-01-11,60500,0.17,747215374304
2023-01-12,60500,0.0,972246984400
2023-01-13,60800,0.5,761169640700
2023-01-16,61100,0.49,615315636500
2023-01-17,61000,-0.16,599708754138
2023-01-18,60400,-0.98,698509509800
2023-01-19,61500,1.82,781937546636
2023-01-20,61800,0.49,595372614900
2023-01-25,63400,2.59,1066200962700
2023-01-26,63900,0.79,846408637700
2023-01-27,64600,1.1,1212764792491
2023-01-30,63300,-2.01,1337025734920
2023-01-31,61000,-3.63,1835768640685
2023-02-01,61800,1.31,1145781815984
2023-02-02,63500,2.75,1474629229812
2023-02-03,63800,0.47,967336146677
2023-02-06,61600,-3.45,967890468300
2023-02-07,61900,0.49,898617000700
2023-02-08,63100,1.94,770472521000
2023-02-09,63000,-0.16,764921355400
2023-02-10,62800,-0.32,587897501100
2023-02-13,62900,0.16,672253190500
2023-02-14,63200,0.48,579858006300
2023-02-15,62200,-1.58,826031235400
2023-02-16,63700,2.41,873759607962
2023-02-17,62600,-1.73,677809979471
2023-02-20,62700,0.16,806198780800
2023-02-21,62100,-0.96,476711896776
2023-02-22,61100,-1.61,732238903100
2023-02-23,62000,1.47,809465376980
2023-02-24,61300,-1.13,638634052687
2023-02-27,60500,-1.31,674292520900
2023-02-28,60600,0.17,834902635220
2023-03-02,60800,0.33,798787155210
2023-03-03,60500,-0.49,649938305450
2023-03-06,61500,1.65,835007952600
2023-03-07,60700,-1.3,698905790900
2023-03-08,60300,-0.66,851969121700
2023-03-09,60100,-0.33,862952239500
2023-03-10,59500,-1.0,706235604554
2023-03-13,60000,0.84,765245322796
2023-03-14,59000,-1.67,719193357800
2023-03-15,59800,1.36,628405799682
2023-03-16,59900,0.17,633331744600
2023-03-17,61300,2.34,860201343960
2023-03-20,60200,-1.79,582445819345
2023-03-21,60300,0.17,501917706700
2023-03-22,61100,1.33,546787085426
2023-03-23,62300,1.96,946393607300
2023-03-24,63000,1.12,1147804584500
2023-03-27,62100,-1.43,687170094400
2023-03-28,62900,1.29,726295104112
2023-03-29,62700,-0.32,700455977590
2023-03-30,63200,0.8,993903387442
2023-03-31,64000,1.27,900711556583
2023-04-03,63100,-1.41,757289145500
2023-04-04,63600,0.79,706088571400
2023-04-05,63900,0.47,584822515500
2023-04-06,62300,-2.5,940919458200
2023-04-07,65000,4.33,1778208943700
2023-04-10,65700,1.08,1233223465071
2023-04-11,65900,0.3,1074396316840
2023-04-12,66000,0.15,987120762190
2023-04-13,66100,0.15,993653504000
2023-04-14,65100,-1.51,1062799885805
2023-04-17,65300,0.31,877708156600
2023-04-18,65600,0.46,966926908700
2023-04-19,65500,-0.15,672185360428
2023-04-20,65300,-0.31,618181208400
2023-04-21,65700,0.61,691720671402
2023-04-24,65200,-0.76,846720734506
2023-04-25,63600,-2.45,1039508079324
2023-04-26,64100,0.79,808719849900
2023-04-27,64600,0.78,947849082200
2023-04-28,65500,1.39,1288159418828
2023-05-02,65700,0.31,947092252311
2023-05-03,65400,-0.46,578615499291
2023-05-04,65100,-0.46,637046767248
2023-05-08,65900,1.23,619987042850
2023-05-09,65300,-0.91,612497745700
2023-05-10,64600,-1.07,845221269576
2023-05-11,64200,-0.62,752009024200
2023-05-12,64100,-0.16,557964086200
2023-05-15,64500,0.62,525279287100
2023-05-16,65400,1.4,808481599858
2023-05-17,65000,-0.61,701148896869
2023-05-18,66200,1.85,952251371400
2023-05-19,68400,3.32,1384558015400
2023-05-22,68500,0.15,992678989266
2023-05-23,68400,-0.15,585923360300
2023-05-24,68500,0.15,560468753293
2023-05-25,68800,0.44,984568526800
2023-05-26,70300,2.18,1370668892150
2023-05-30,72300,2.84,1975022852326
2023-05-31,71400,-1.24,1840726217336
2023-06-01,70900,-0.7,1041791411900
2023-06-02,72200,1.83,874631186600
2023-06-05,71700,-0.69,911317330400
2023-06-07,71000,-0.98,1052878137000
2023-06-08,70900,-0.14,1351298167000
2023-06-09,72000,1.55,1080650065800
2023-06-12,71000,-1.39,861581586290
2023-06-13,72000,1.41,950995107900
2023-06-14,71900,-0.14,898255870000
2023-06-15,71500,-0.56,977638034140
2023-06-16,71800,0.42,1098192684298
2023-06-19,71200,-0.84,789407044400
2023-06-20,71400,0.28,820834326200
2023-06-21,70500,-1.26,752120696260
2023-06-22,71300,1.13,811437978080
2023-06-23,71600,0.42,885945930513
2023-06-26,72400,1.12,761525382100
2023-06-27,72600,0.28,683624715982
2023-06-28,72700,0.14,635516679700
2023-06-29,72400,-0.41,891731369446
2023-06-30,72200,-0.28,844353820176
2023-07-03,73000,1.11,782251095800
2023-07-04,73000,0.0,747624440200
2023-07-05,72000,-1.37,889637363400
2023-07-06,71600,-0.56,1061491980700
2023-07-07,69900,-2.37,1215404338500
2023-07-10,69500,-0.57,816772079400
2023-07-11,71500,2.88,863673766650
2023-07-12,71900,0.56,742662492675
2023-07-13,71900,0.0,1041644744600
2023-07-14,73400,2.09,1159932414471
2023-07-17,73300,-0.14,736819227400
2023-07-18,72000,-1.77,847564074902
2023-07-19,71700,-0.42,782147498048
2023-07-20,71000,-0.98,692487601800
2023-07-21,70300,-0.99,1155386360200
2023-07-24,70400,0.14,945209051900
2023-07-25,70000,-0.57,1002552964539
2023-07-26,69800,-0.29,2074076087374
2023-07-27,71700,2.72,1716358516901
2023-07-28,70600,-1.53,1374116836640
2023-07-31,69800,-1.13,914993886320
2023-08-01,71100,1.86,869662851033
2023-08-02,69900,-1.69,972618018764
2023-08-03,68800,-1.57,1393671498850
2023-08-04,68300,-0.73,846916262150
2023-08-07,68500,0.29,753451928000
2023-08-08,67600,-1.31,995836406200
2023-08-09,68900,1.92,1190098678800
2023-08-10,68000,-1.31,695338333628
2023-08-11,67500,-0.74,664312604900
2023-08-14,67300,-0.3,629306269500
2023-08-16,67000,-0.45,879111210400
2023-08-17,66700,-0.45,716095782444
2023-08-18,66300,-0.6,778550834100
2023-08-21,66600,0.45,647498994572
2023-08-22,66600,0.0,702152276000
2023-08-23,67100,0.75,638222447700
2023-08-24,68200,1.64,1026978314909
2023-08-25,67100,-1.61,471934306900
2023-08-28,66800,-0.45,388537718000
2023-08-29,66800,0.0,608550951592
2023-08-30,67100,0.45,618598277000
2023-08-31,66900,-0.3,1066351061800
2023-09-01,71000,6.13,2064179447500
2023-09-04,71200,0.28,1881296768471
2023-09-05,70700,-0.7,871401576900
2023-09-06,70000,-0.99,799882288000
2023-09-07,70400,0.57,964326666248
2023-09-08,70300,-0.14,747653334264
2023-09-11,70800,0.71,830034512852
2023-09-12,70500,-0.42,825295634500
2023-09-13,70900,0.57,1131860397902
2023-09-14,71700,1.13,1504488795100
2023-09-15,72000,0.42,1283667032959
2023-09-18,70200,-2.5,1134188613800
2023-09-19,69800,-0.57,828073239208
2023-09-20,69600,-0.29,758467059100
2023-09-21,68900,-1.01,746680194277
2023-09-22,68800,-0.15,678768211246
2023-09-25,69400,0.87,940526293696
2023-09-26,68600,-1.15,904380324453
2023-09-27,68400,-0.29,1019873104916
2023-10-04,67500,-1.32,1569870395350
2023-10-05,66700,-1.19,1078383241940
2023-10-06,66000,-1.05,955787424039
2023-10-10,66400,0.61,1331414432069
2023-10-11,68200,2.71,1728594285653
2023-10-12,68900,1.03,1330250524300
2023-10-13,68000,-1.31,661424422384
2023-10-16,67300,-1.03,848737211400
2023-10-17,69400,3.12,1188353081300
2023-10-18,70500,1.59,1153209262700
2023-10-19,69500,-1.42,973452315000
2023-10-20,68800,-1.01,1045221908000
2023-10-23,68400,-0.58,796396490800
2023-10-24,68500,0.15,874148333000
2023-10-25,68000,-0.73,724467644503
2023-10-26,66700,-1.91,1040150536228
2023-10-27,67300,0.9,759192857640
2023-10-30,67300,0.0,681863369200
2023-10-31,66900,-0.59,975299568500
2023-11-01,68600,2.54,939330583181
2023-11-02,69700,1.6,1140761854600
2023-11-03,69600,-0.14,720442658092
2023-11-06,70900,1.87,1555019933294
2023-11-07,70900,0.0,1213169122997
2023-11-08,69900,-1.41,908216005000
2023-11-09,70300,0.57,865005542700
2023-11-10,70500,0.28,677561881798
2023-11-13,70400,-0.14,653603022224
2023-11-14,70800,0.57,678176565400
2023-11-15,72200,1.98,1449276387300
2023-11-16,72800,0.83,1151617384100
2023-11-17,72500,-0.41,834898662931
2023-11-20,72700,0.28,771287990300
2023-11-21,72800,0.14,709805470200
2023-11-22,72800,0.0,803720395300
2023-11-23,72400,-0.55,491571923100
2023-11-24,71700,-0.97,481177295325
2023-11-27,71300,-0.56,651549770446
2023-11-28,72700,1.96,958103901900
2023-11-29,72700,0.0,673194221670
2023-11-30,72800,0.14,1146427486200
2023-12-01,72000,-1.1,710939612000
2023-12-04,72600,0.83,743359507480
2023-12-05,71200,-1.93,867872449160
2023-12-06,71700,0.7,583710472300
2023-12-07,71500,-0.28,633465543300
2023-12-08,72600,1.54,787230063800
2023-12-11,73000,0.55,716958458106
2023-12-12,73500,0.68,1009135202511
2023-12-13,72800,-0.95,959555544232
2023-12-14,73100,0.41,2025359793240
2023-12-15,73300,0.27,1134484297093
2023-12-18,72900,-0.55,708307183627
2023-12-19,73400,0.69,650825104900
2023-12-20,74800,1.91,1253492249200
2023-12-21,75000,0.27,1006935676000
2023-12-22,75900,1.2,1100293343120
2023-12-26,76600,0.92,1005443436300
2023-12-27,78000,1.83,1600118111700
2023-12-28,78500,0.64,1388290767300
2024-01-02,79600,1.4,1356958225913
2024-01-03,77000,-3.27,1691690834824
2024-01-04,76600,-0.52,1173912901977
2024-01-05,76600,0.0,866836486100
2024-01-08,76500,-0.13,852681337648
2024-01-09,74700,-2.35,1971736955597
2024-01-10,73600,-1.47,1497565371180
2024-01-11,73200,-0.54,4206812650490
2024-01-12,73100,-0.14,956811865637
2024-01-15,73900,1.09,973180055524
2024-01-16,72600,-1.76,1075976773200
2024-01-17,71000,-2.2,1627050948220
2024-01-18,71700,0.99,1274268001300
2024-01-19,74700,4.18,1729032665716
2024-01-22,75100,0.54,1484936123888
2024-01-23,75200,0.13,1109206848800
2024-01-24,74000,-1.6,950729770400
2024-01-25,74100,0.14,870261519556
2024-01-26,73400,-0.94,824499022832
2024-01-29,74400,1.36,1040949182849
2024-01-30,74300,-0.13,910103102143
2024-01-31,72700,-2.15,1148592184077
2024-02-01,73600,1.24,1460989435744
2024-02-02,75200,2.17,1116696087686
2024-02-05,74300,-1.2,1407991610817
2024-02-06,74400,0.13,1079406742676
2024-02-07,75000,0.81,1241375169523
2024-02-08,74100,-1.2,1545421527910
2024-02-13,75200,1.48,1645918689800
2024-02-14,74000,-1.6,920046681339
2024-02-15,73000,-1.35,1037048777500
2024-02-16,72800,-0.27,979246120166
2024-02-19,73800,1.37,936829110513
2024-02-20,73300,-0.68,1074233851920
2024-02-21,73000,-0.41,841682946896
2024-02-22,73100,0.14,1111907697100
2024-02-23,72900,-0.27,1189838938900
2024-02-26,72800,-0.14,1067725992988
2024-02-27,72900,0.14,963297077300
2024-02-28,73200,0.41,866532716548
2024-02-29,73400,0.27,1543929097874
2024-03-04,74900,2.04,1730190362362
2024-03-05,73700,-1.6,1446710162593
2024-03-06,72900,-1.09,1577128384469
2024-03-07,72200,-0.96,1054959751460
2024-03-08,73300,1.52,1406734002184
2024-03-11,72400,-1.23,707795779500
2024-03-12,73300,1.24,946370610204
2024-03-13,74100,1.09,1126213362951
2024-03-14,74300,0.27,1672983915400
2024-03-15,72300,-2.69,1646273148384
2024-03-18,72800,0.69,837895575620
2024-03-19,72800,0.0,1109067418300
2024-03-20,76900,5.63,3799218645198
2024-03-21,79300,3.12,3509987699100
2024-03-22,78900,-0.5,2104543621700
2024-03-25,78200,-0.89,1472206590003
2024-03-26,79900,2.17,2435792962320
2024-03-27,79800,-0.13,1387268449298
2024-03-28,80800,1.25,2014951562108
2024-03-29,82400,1.98,2224901311700
2024-04-01,82000,-0.49,1661276148500
2024-04-02,85000,3.66,3125936951369
2024-04-03,84100,-1.06,2570591804242
2024-04-04,85300,1.43,2147309658606
2024-04-05,84500,-0.94,1593633428500
2024-04-08,84500,0.0,1614571568700
2024-04-09,83600,-1.07,1991486775844
2024-04-11,84100,0.6,2138954129378
2024-04-12,83700,-0.48,1429686717552
2024-04-15,82200,-1.79,2187767452704
2024-04-16,80000,-2.68,2564077294862
2024-04-17,78900,-1.38,1800985510820
2024-04-18,79600,0.89,1694196738983
2024-04-19,77600,-2.51,2423649194900
2024-04-22,76100,-1.93,2320445983561
2024-04-23,75500,-0.79,1424154641605
2024-04-24,78600,4.11,1732478787054
2024-04-25,76300,-2.93,1195063612340
2024-04-26,76700,0.52,982996902900
2024-04-29,76700,0.0,1124365701771
2024-04-30,77500,1.04,1477530164700
2024-05-02,78000,0.65,1475152663496
2024-05-03,77600,-0.51,1028553770200
2024-05-07,81300,4.77,2112619288066
2024-05-08,81300,0.0,1060566849818
2024-05-09,79700,-1.97,1509119512100
2024-05-10,79200,-0.63,1351235284800
2024-05-13,78400,-1.01,1460962492700
2024-05-14,78300,-0.13,920737809850
2024-05-16,78200,-0.13,1656384883213
2024-05-17,77400,-1.02,1237640369900
2024-05-20,78900,1.94,1528019966672
2024-05-21,78400,-0.63,1074830521150
2024-05-22,77700,-0.89,1522590061360
2024-05-23,78300,0.77,1462378998195
2024-05-24,75900,-3.07,2127292051700
2024-05-27,77200,1.71,3306633382624
2024-05-28,77600,0.52,1436714901191
2024-05-29,75200,-3.09,2312008038097
2024-05-30,73500,-2.26,2117784497387
2024-05-31,73500,0.0,1935963757832
2024-06-03,75700,2.99,1186657003206
2024-06-04,75300,-0.53,1065751349301
2024-06-05,77400,2.79,1794236853400
2024-06-07,77300,-0.13,1645298001774
2024-06-10,75700,-2.07,1109351578979
2024-06-11,75200,-0.66,1280831574634
2024-06-12,76500,1.73,1460415323135
2024-06-13,78600,2.75,2648772985232
2024-06-14,79600,1.27,1830283253527
2024-06-17,78100,-1.88,1267630623100
2024-06-18,79800,2.18,1451893499146
2024-06-19,81200,1.75,1965912177220
2024-06-20,81600,0.49,1658024402539
2024-06-21,80000,-1.96,1437355033344
2024-06-24,80600,0.75,1239803887850
2024-06-25,80800,0.25,1545796110887
2024-06-26,81300,0.62,1436019023400
2024-06-27,81600,0.37,953180945250
2024-06-28,81500,-0.12,768935755446
2024-07-01,81800,0.37,925400917400
2024-07-02,81800,0.0,1186008163180
2024-07-03,81800,0.0,933802003100
2024-07-04,84600,3.42,3679078036300
2024-07-05,87100,2.96,3951280237696
2024-07-08,87400,0.34,2105162327800
2024-07-09,87800,0.46,1869414925283
2024-07-10,87800,0.0,1560911761680
2024-07-11,87600,-0.23,2164539095066
2024-07-12,84400,-3.65,2234914589643
2024-07-15,86700,2.73,2151182147147
2024-07-16,87700,1.15,1413744130426
2024-07-17,86700,-1.14,1585140028938
2024-07-18,86900,0.23,2104104629510
2024-07-19,84400,-2.88,1574018492068
2024-07-22,83000,-1.66,1581559180516
2024-07-23,83900,1.08,1325673625798
2024-07-24,82000,-2.26,1397137102450
2024-07-25,80400,-1.95,1634938043600
2024-07-26,80900,0.62,1171301827600
2024-07-29,81200,0.37,1042595012848
2024-07-30,81000,-0.25,1058509976884
2024-07-31,83900,3.58,1709905651240
2024-08-01,83100,-0.95,1761066086600
2024-08-02,79600,-4.21,2072583435468
2024-08-05,71400,-10.3,4028468177890
2024-08-06,72500,1.54,3482608290900
2024-08-07,74700,3.03,2439049835003
2024-08-08,73400,-1.74,2079007355535
2024-08-09,74700,1.77,1226725116766
2024-08-12,75500,1.07,742667828012
2024-08-13,76100,0.79,814879344944
2024-08-14,77200,1.45,1023945760936
2024-08-16,80200,3.89,1749786266068
2024-08-19,78300,-2.37,1112867011200
2024-08-20,78900,0.77,846450905406
2024-08-21,78300,-0.76,610445256200
2024-08-22,78300,0.0,637688676000
2024-08-23,77700,-0.77,733115152500
2024-08-26,76100,-2.06,1200212317200
2024-08-27,75800,-0.39,845521021636
2024-08-28,76400,0.79,743267480799
2024-08-29,74000,-3.14,1250517121400
2024-08-30,74300,0.41,1217838630548
2024-09-02,74400,0.13,938130139986
2024-09-03,72500,-2.55,1195017081270
2024-09-04,70000,-3.45,1923751777154
2024-09-05,69000,-1.43,1795890039418
2024-09-06,68900,-0.14,1309833642247
2024-09-09,67500,-2.03,1566504915737
2024-09-10,66200,-1.93,2041161645484
2024-09-11,64900,-1.96,2325181296712
2024-09-12,66300,2.16,2369440968156
2024-09-13,64400,-2.87,1621747052400
2024-09-19,63100,-2.02,3115926466558
2024-09-20,63000,-0.16,2086233666488
2024-09-23,62600,-0.63,1787973967000
2024-09-24,63200,0.96,1695341224952
2024-09-25,62200,-1.58,1816598498400
2024-09-26,64700,4.02,2417513255958
2024-09-27,64200,-0.77,1842321896031
2024-09-30,61500,-4.21,2043449921900
2024-10-02,61300,-0.33,1737678269615
2024-10-04,60600,-1.14,1480865292580
2024-10-07,61000,0.66,2118597389800
2024-10-08,60300,-1.15,1652788512596
2024-10-10,58900,-2.32,2687253337620
2024-10-11,59300,0.68,1765728518988
2024-10-14,60800,2.53,1262857492687
2024-10-15,61000,0.33,1381789051900
2024-10-16,59500,-2.46,1389151960832
2024-10-17,59700,0.34,1391873389950
2024-10-18,59200,-0.84,857377297200
2024-10-21,59000,-0.34,1092561695060
2024-10-22,57700,-2.2,1604866816800
2024-10-23,59100,2.43,1598545283036
2024-10-24,56600,-4.23,1809877767246
2024-10-25,55900,-1.24,1448167771502
2024-10-28,58100,3.94,1597162892050
2024-10-29,59600,2.58,1668409859850
2024-10-30,59100,-0.84,1173730435406
2024-10-31,59200,0.17,2141845557150
2024-11-01,58300,-1.52,1121093971420
2024-11-04,58700,0.69,916941057220
2024-11-05,57600,-1.87,1007627262350
2024-11-06,57300,-0.52,1262148460900
2024-11-07,57500,0.35,982114998400
2024-11-08,57000,-0.87,799664427482
2024-11-11,55000,-3.51,1654820869900
2024-11-12,53000,-3.64,2037790866499
2024-11-13,50600,-4.53,2704092634132
2024-11-14,49900,-1.38,2465304011525
2024-11-15,53500,7.21,2464749360200
2024-11-18,56700,5.98,2726095349068
2024-11-19,56300,-0.71,1786885263500
2024-11-20,55300,-1.78,1156033483400
2024-11-21,56400,1.99,1068199169900
2024-11-22,56000,-0.71,860560563100
2024-11-25,57900,3.39,2086462735928
2024-11-26,58300,0.69,1350434011510
2024-11-27,56300,-3.43,1236109255350
2024-11-28,55500,-1.42,1114564616052
2024-11-29,54200,-2.34,1331023724400
2024-12-02,53600,-1.11,1184225188140
2024-12-03,53600,0.0,1257635151648
2024-12-04,53100,-0.93,1533224160462
2024-12-05,53700,1.13,1270914173744
2024-12-06,54100,0.74,1232013102000
2024-12-09,53400,-1.29,1409455892900
2024-12-10,54000,1.12,1122595992277
2024-12-11,54000,0.0,784683216800
2024-12-12,55900,3.52,1853172363530
2024-12-13,56100,0.36,890639761200
2024-12-16,55600,-0.89,853550523900
2024-12-17,54200,-2.52,1099985271050
2024-12-18,54900,1.29,752377168292
2024-12-19,53100,-3.28,1200141805180
2024-12-20,53000,-0.19,1292090449863
2024-12-23,53500,0.94,733841290400
2024-12-24,54400,1.68,629473076300
2024-12-26,53600,-1.47,567623466300
2024-12-27,53700,0.19,576022861800
2024-12-30,53200,-0.93,675489909100
2025-01-02,53400,0.38,878413120092
2025-01-03,54400,1.87,1047542312930
2025-01-06,55900,2.76,1058888590642
2025-01-07,55400,-0.89,957161571300
2025-01-08,57300,3.43,1508091102443
2025-01-09,56100,-2.09,1390326401200
2025-01-10,55300,-1.43,893461579301
2025-01-13,54100,-2.17,917178336730
2025-01-14,53900,-0.37,944534229000
2025-01-15,53700,-0.37,1005085420250
2025-01-16,54300,1.12,1014922869739
2025-01-17,53700,-1.1,1007047374200
2025-01-20,53400,-0.56,633048956700
2025-01-21,53500,0.19,726599371000
2025-01-22,54300,1.5,984308176550
2025-01-23,53700,-1.1,837442426072
2025-01-24,53700,0.0,635529275550
2025-01-31,52400,-2.42,2207004262250
2025-02-03,51000,-2.67,1649571739100
2025-02-04,52700,3.33,1437276277799
2025-02-05,52900,0.38,849379788350
2025-02-06,54000,2.08,881509435950
2025-02-07,53700,-0.56,779741308604
2025-02-10,55600,3.54,1505750553500
2025-02-11,55700,0.18,1370657724557
2025-02-12,55800,0.18,1460112004958
2025-02-13,55800,0.0,1256946474000
2025-02-14,56000,0.36,1354475009700
2025-02-17,56000,0.0,667145670500
2025-02-18,56900,1.61,1254587816860
2025-02-19,58700,3.16,1481741681100
2025-02-20,58400,-0.51,1264910439050
2025-02-21,58200,-0.34,1281507475862
2025-02-24,57300,-1.55,811217100550
2025-02-25,57200,-0.17,837240466372
2025-02-26,56600,-1.05,1024931423600
2025-02-27,56300,-0.53,846530583128
2025-02-28,54500,-3.2,1540205401313
2025-03-04,54500,0.0,1010214633015
2025-03-05,54000,-0.92,902621801920
2025-03-06,54300,0.56,664504901310
2025-03-07,53700,-1.1,768393784787
2025-03-10,53700,0.0,699340880450
2025-03-11,53600,-0.19,944012331050
2025-03-12,54900,2.43,983462164612
2025-03-13,54700,-0.36,1327792389578
2025-03-14,54700,0.0,594158589200
2025-03-17,57600,5.3,2036156585500
2025-03-18,57600,0.0,1638462319270
2025-03-19,58500,1.56,1727220604750
2025-03-20,60200,2.91,2088152199012
2025-03-21,61700,2.49,2460691162900
2025-03-24,60500,-1.94,860212862100
2025-03-25,59800,-1.16,1039802205362
2025-03-26,61400,2.68,1001626513602
2025-03-27,61800,0.65,1256945832435
2025-03-28,60200,-2.59,983699710050
2025-03-31,57800,-3.99,1029323854400
2025-04-01,58800,1.73,813516599850
2025-04-02,58800,0.0,847775481500
2025-04-03,57600,-2.04,1118162896800
2025-04-04,56100,-2.6,1330710237050
2025-04-07,53200,-5.17,1713617858300
2025-04-08,53500,0.56,1382305707900
2025-04-09,53000,-0.93,1101141051250
2025-04-10,56400,6.42,1287044405375
2025-04-11,55200,-2.13,768599025700
2025-04-14,56200,1.81,722365102751
2025-04-15,56600,0.71,510390643850
2025-04-16,54700,-3.36,795695286400
2025-04-17,55100,0.73,597524532250
2025-04-18,55300,0.36,323289923300
2025-04-21,55400,0.18,329494931450
2025-04-22,55000,-0.72,524575582650
2025-04-23,55700,1.27,622062616030
2025-04-24,55700,0.0,587440411598
2025-04-25,55700,0.0,681776346900
2025-04-28,55800,0.18,520363061706
2025-04-29,55800,0.0,576762268048
2025-04-30,55500,-0.54,723346232700
2025-05-02,54300,-2.16,1227727373850
2025-05-07,54600,0.55,934599688925
2025-05-08,54600,0.0,894447365150
2025-05-09,54800,0.37,427710077350
2025-05-12,57600,5.11,865629368100
2025-05-13,56900,-1.22,964867366600
2025-05-14,57400,0.88,716126374400
2025-05-15,57300,-0.17,758309165800
2025-05-16,56800,-0.87,591058106600
2025-05-19,55800,-1.76,547396316550
2025-05-20,55900,0.18,509071853300
2025-05-21,55700,-0.36,436952856950
2025-05-22,54700,-1.8,836539466150
2025-05-23,54200,-0.91,613226703800
2025-05-26,54700,0.92,592151080050
2025-05-27,53900,-1.46,726274713400
2025-05-28,55900,3.71,973210169800
2025-05-29,56100,0.36,725423589100
2025-05-30,56200,0.18,1480158775742
2025-06-02,56800,1.07,730318709208
2025-06-04,57800,1.76,1130355068006
2025-06-05,59100,2.25,1374247336436
2025-06-09,59800,1.18,1177551114571
2025-06-10,59200,-1.0,906586997415
2025-06-11,59900,1.18,813621164500
2025-06-12,59500,-0.67,1057637167800
2025-06-13,58300,-2.02,1210886326580
2025-06-16,57200,-1.89,1270631109015
2025-06-17,58100,1.57,1679975838250
2025-06-18,59800,2.93,1042740697200
2025-06-19,59200,-1.0,1003457299850
2025-06-20,59500,0.51,1074365743369
2025-06-23,58000,-2.52,960057464892
2025-06-24,60500,4.31,1427748806035
2025-06-25,61300,1.32,1457360417042
2025-06-26,60200,-1.79,1171824855134
2025-06-27,60800,1.0,1053939281525
2025-06-30,59800,-1.64,1030779273850
2025-07-01,60200,0.67,827468756700
2025-07-02,60800,1.0,909032914400
2025-07-03,63800,4.93,2006401108350
2025-07-04,63300,-0.78,1509810934320
2025-07-07,61700,-2.53,1069011093850
2025-07-08,61400,-0.49,1243103108550
2025-07-09,60400,-1.63,1062832478300
2025-07-10,61000,0.99,899089116094
2025-07-11,62600,2.62,1193447629850
2025-07-14,62500,-0.16,843866596500
2025-07-15,63700,1.92,1164848565258
2025-07-16,64700,1.57,1479498248637
2025-07-17,66700,3.09,2597601930887
2025-07-18,67100,0.6,1607581620750
2025-07-21,67800,1.04,1204016863750
2025-07-22,66000,-2.65,1389855801518
2025-07-23,66400,0.61,1033696388650
2025-07-24,66000,-0.6,839577050200
2025-07-25,65900,-0.15,532537113250
2025-07-28,70400,6.83,2431396606750
2025-07-29,70600,0.28,1977721049950
2025-07-30,72600,2.83,2521446314798
2025-07-31,71400,-1.65,1907638117550
2025-08-01,68900,-3.5,1680885451444
2025-08-04,69700,1.16,1030549721600
2025-08-05,69900,0.29,1012313553300
2025-08-06,68800,-1.57,863115544500
2025-08-07,70500,2.47,1055402519950
2025-08-08,71800,1.84,1593485781518
2025-08-11,71000,-1.11,808470078650
2025-08-12,71100,0.14,1131563720442
2025-08-13,71900,1.13,882862974150
2025-08-14,71600,-0.42,855002690211
2025-08-18,70000,-2.23,956707246500
2025-08-19,70000,0.0,738974304800
2025-08-20,70500,0.71,1224601970500
2025-08-21,70600,0.14,1346119238787
2025-08-22,71400,1.13,662245936652
2025-08-25,71500,0.14,737888335300
2025-08-26,70300,-1.68,1037834198800
2025-08-27,70600,0.43,741245805000
2025-08-28,69600,-1.42,810422565900
2025-08-29,69700,0.14,817253503600
2025-09-01,67600,-3.01,815938773100
2025-09-02,69100,2.22,731582866980
2025-09-03,69800,1.01,714517209150
2025-09-04,70100,0.43,855350153007
2025-09-05,69500,-0.86,804641532850
2025-09-08,70100,0.86,648524943367
2025-09-09,71500,2.0,1055356549000
2025-09-10,72600,1.54,1589672409520
2025-09-11,73400,1.1,1518036265100
2025-09-12,75400,2.72,2118000956450
2025-09-15,76500,1.46,1529429370850
2025-09-16,79400,3.79,2211426330044
2025-09-17,78200,-1.51,1630232349162
2025-09-18,80500,2.94,2046310025896
2025-09-19,79700,-0.99,1672547819584
2025-09-22,83500,4.77,2288084255150
2025-09-23,84700,1.44,2000621182255
2025-09-24,85400,0.83,1550295255940
2025-09-25,86100,0.82,1683395911552
2025-09-26,83300,-3.25,2011031686444
2025-09-29,84200,1.08,1102882949950
2025-09-30,83900,-0.36,1371831147850
2025-10-01,86000,2.5,1886160393690
2025-10-02,89000,3.49,4472131514922
2025-10-10,94400,6.07,3311084659050
2025-10-13,93300,-1.17,2197370665497
2025-10-14,91600,-1.82,3312011003250
2025-10-15,95000,3.71,1978832965007
2025-10-16,97700,2.84,2728362196400
2025-10-17,97900,0.2,2225132112442
2025-10-20,98100,0.2,1714999925050
2025-10-21,97500,-0.61,2252645721374
2025-10-22,98600,1.13,1547962213088
2025-10-23,96500,-2.13,1796781660790
2025-10-24,98800,2.38,1852510715919
2025-10-27,102000,3.24,2250615426550
2025-10-28,99500,-2.45,1994943413477
2025-10-29,100500,1.01,2092397701550
2025-10-30,104100,3.58,3591285130855
2025-10-31,107500,3.27,5744254696496
2025-11-03,111100,3.35,3295567406580
2025-11-04,104900,-5.58,3288827318350
2025-11-05,100600,-4.1,4472837142000
2025-11-06,99200,-1.39,2879395591412
2025-11-07,97900,-1.31,2246165668512
2025-11-10,100600,2.76,2378589265170
2025-11-11,103500,2.88,2891284191696
2025-11-12,103100,-0.39,1998502530464
2025-11-13,102800,-0.29,2148169322300
2025-11-14,97200,-5.45,2147749334700
2025-11-17,100600,3.5,1724130858810
2025-11-18,97800,-2.78,1844179134100
2025-11-19,96500,-1.33,1787980830810
2025-11-20,100600,4.25,2568225958163
2025-11-21,94800,-5.77,2204245251690
2025-11-24,96700,2.0,2908768341130
2025-11-25,99300,2.69,1602730841700
2025-11-26,102800,3.52,2159034953350
2025-11-27,103500,0.68,1713246599050
2025-11-28,100500,-2.9,1548884266354
2025-12-01,100800,0.3,1101995992050
2025-12-02,103400,2.58,1401469615424
2025-12-03,104500,1.06,1541179456000
2025-12-04,105100,0.57,1243000736272
2025-12-05,108400,3.14,2110938031640
2025-12-08,109500,1.01,1697092217750
2025-12-09,108400,-1.0,1482781413052
2025-12-10,108000,-0.37,1339076683680
2025-12-11,107300,-0.65,2490050541672
2025-12-12,108900,1.49,1537684811788
2025-12-15,104800,-3.76,2165419255257
2025-12-16,102800,-1.91,1956433462038
2025-12-17,107900,4.96,2355122133240
2025-12-18,107600,-0.28,2187289590140
2025-12-19,106300,-1.21,2775502209243
2025-12-22,110500,3.95,2733030756000
2025-12-23,111500,0.9,2280880376500
2025-12-24,111100,-0.36,1392948448100
2025-12-26,117000,5.31,3930507591746
2025-12-29,119500,2.14,2342292714700
2025-12-30,119900,0.33,2375903831735
2026-01-02,128500,7.17,3805940517494
2026-01-05,138100,7.47,5837009498150
2026-01-06,138900,0.58,6156416508326
2026-01-07,141000,1.51,6545096281338
2026-01-08,138800,-1.56,5840279078975
2026-01-09,139000,0.14,4069184694850
2026-01-12,138800,-0.14,3666689780452
2026-01-13,137600,-0.86,3095245609050
2026-01-14,140300,1.96,2569043127288
2026-01-15,143900,2.57,3498249940400
2026-01-16,148900,3.47,4435943361334
2026-01-19,149300,0.27,3381546209135
2026-01-20,145200,-2.75,3512770941586
2026-01-21,149500,2.96,4679612359030
2026-01-22,152300,1.87,4953546934392
2026-01-23,152100,-0.13,3899973965409
2026-01-26,152100,0.0,3148408004773
2026-01-27,159500,4.87,4565457606491
2026-01-28,162400,1.82,4772986696538
2026-01-29,160700,-1.05,5826870231490
2026-01-30,160500,-0.12,6593450199492
2026-02-02,150400,-6.29,6135993983450
2026-02-03,167500,11.37,5927187709457
2026-02-04,169100,0.96,4988144010160
2026-02-05,159300,-5.8,6197185062736
2026-02-06,158600,-0.44,5664674804196
2026-02-09,166400,4.92,4192595399422
2026-02-10,165800,-0.36,3230969169642
2026-02-11,167800,1.21,3780778982422
2026-02-12,178600,6.44,7278300418200
2026-02-13,181200,1.46,6257951155967
2026-02-19,190000,4.86,5113213353551
2026-02-20,190100,0.05,4591033033030
2026-02-23,193000,1.53,5107749420482
2026-02-24,200000,3.63,5538097526208
2026-02-25,203500,1.75,5474225346566
2026-02-26,218000,7.13,6451865963088
2026-02-27,216500,-0.69,11194972800735
2026-03-03,195100,-9.88,11170451485750
2026-03-04,172200,-11.74,16229744915194
2026-03-05,191600,11.27,10462445865266
2026-03-06,188200,-1.77,5496089060945
2026-03-09,173500,-7.81,7376525851300
2026-03-10,187900,8.3,6302732324178
2026-03-11,190000,1.12,4666941226006
2026-03-12,187900,-1.11,3832551376350
2026-03-13,183500,-2.34,3585430274050
2026-03-16,188700,2.83,3683740429900
2026-03-17,193900,2.76,3978920227090
2026-03-18,208500,7.53,5153010769813
2026-03-19,200500,-3.84,4004086336015
2026-03-20,199400,-0.55,7019725077866
2026-03-23,186300,-6.57,5706605720650
2026-03-24,189700,1.83,4835356609343
2026-03-25,189000,-0.37,4435819603528
2026-03-26,180100,-4.71,5841688287442
2026-03-27,179700,-0.22,5118700219500
2026-03-30,176300,-1.89,3880271308850
2026-03-31,167200,-5.16,6548712356756
2026-04-01,189600,13.4,5977939247100
2026-04-02,178400,-5.91,7050417527620
2026-04-03,186200,4.37,3744696012200
2026-04-06,193100,3.71,3971740401300
2026-04-07,196500,1.76,6062043969600
2026-04-08,210500,7.12,7567915158059
2026-04-09,204000,-3.09,8664954406350
2026-04-10,206000,0.98,3793988051000
2026-04-13,201000,-2.43,3939228226208
2026-04-14,206500,2.74,4923089307450
2026-04-15,211000,2.18,5145052576751
2026-04-16,217500,3.08,4636535996750
2026-04-17,216000,-0.69,3913720108000
2026-04-20,214500,-0.69,3694826177250
2026-04-21,219000,2.1,3656410642186
2026-04-22,217500,-0.68,3668380491500
2026-04-23,224500,3.22,7739982934106
2026-04-24,219500,-2.23,4314144436734
2026-04-27,224500,2.28,5112167489250
2026-04-28,222000,-1.11,4114489907013
2026-04-29,226000,1.8,4544913518216
2026-04-30,220500,-2.43,4984706020346
2026-05-04,232500,5.44,7534835308220
2026-05-06,266000,14.41,13873583841584
2026-05-07,271500,2.07,11101719159250
2026-05-08,268500,-1.1,6856898737478
2026-05-11,285500,6.33,10278092379571
2026-05-12,279000,-2.28,11516481508515
2026-05-13,284000,1.79,9797838529400
2026-05-14,296000,4.23,11532240252620
2026-05-15,270500,-8.61,10667342314779
2026-05-18,281000,3.88,9319457366471
2026-05-19,275500,-1.96,8425000673138
2026-05-20,276000,0.18,9744232201916
2026-05-21,299500,8.51,10669803962580
2026-05-22,292500,-2.34,5415999876319
2026-05-26,299000,2.22,7028907724698
2026-05-27,307000,2.68,10730431777324
2026-05-28,299500,-2.44,9008512632780
2026-05-29,317000,5.84,11699639541368
2026-06-01,349000,10.09,15359749127061
2026-06-02,360500,3.3,15945279373744
2026-06-04,351500,-2.5,12341958993806
2026-06-05,329000,-6.4,11191087320641
2026-06-08,295500,-10.18,11802483835807
2026-06-09,322000,8.97,9419668803569
2026-06-10,302500,-6.06,8222479219022
2026-06-11,299000,-1.16,9359984196250
2026-06-12,322500,7.86,10243164332536
2026-06-15,337000,4.5,7267809113959
2026-06-16,343000,1.78,5970562049352
2026-06-17,346500,1.02,6145208668000
2026-06-18,362500,4.62,11580404055091
2026-06-19,354000,-2.34,15606827170070
2026-06-22,353500,-0.14,8592603997000
2026-06-23,310000,-12.31,13714975503784
2026-06-24,340500,9.84,15837943400424
2026-06-25,358500,5.29,12953176257708
2026-06-26,339500,-5.3,13408352495497
2026-06-29,323000,-4.86,11470650838416
2026-06-30,334000,3.41,9724402126750
2026-07-01,314500,-5.84,8016067724007
2026-07-02,286000,-9.06,11362882136500
2026-07-03,309500,8.22,9454828621194
2026-07-06,318000,2.75,7520834251000
2026-07-07,296000,-6.92,9581962248113
2026-07-08,277500,-6.25,9556310278550
2026-07-09,278000,0.18,8319219373155
2026-07-10,285000,2.52,5816051148000
2026-07-13,254500,-10.7,8455131369000
2026-07-14,263000,3.34,10415841854750
2026-07-15,279500,6.27,6952196477350
2026-07-16,255000,-8.77,6939369046582
2026-07-20,244000,-4.31,6614607186368
2026-07-21,259000,6.15,5224768025862
2026-07-22,260500,0.58,6021000636074
2026-07-23,270000,3.65,4308084851750
2026-07-24,249500,-7.59,6628392525500
2026-07-27,254000,1.8,5855537328000
2026-07-28,220000,-13.39,9401020869850
2026-07-29,208500,-5.23,13726154839133
2026-07-30,207000,-0.72,9915591555814
2026-07-31,262500,26.81,14924241538350
2026-08-03,239500,-8.76,6736160892310
2026-08-04,240000,0.21,6922844531100
2026-08-05,246000,2.5,5610076087593
2026-08-06,230500,-6.3,6091288502000
2026-08-07,231000,0.22,4791580972001
2026-08-10,230000,-0.43,3783527758000
2026-08-11,239500,4.13,5537944545490
2026-08-12,255500,6.68,6868918179750
2026-08-13,268000,4.89,9517753428321
2026-08-14,274500,2.43,5874450961500
2026-08-18,268500,-2.19,6742432203720
2026-08-19,247500,-7.82,5682871706750
2026-08-20,271000,9.49,6961393123500
2026-08-21,281500,3.87,7703213942500
2026-08-24,257000,-8.7,8456072427750
2026-08-25,257000,0.0,5445381811750
2026-08-26,261500,1.75,5109878328250
2026-08-27,266000,1.72,4488160057932
2026-08-28,257000,-3.38,3925852660500
2026-08-31,260000,1.17,4647038997556
2026-09-01,261000,0.38,3975422357250
2026-09-02,250500,-4.02,3825055733000
2026-09-03,250000,-0.2,3452976472500
2026-09-04,255500,2.2,3586126499750
2026-09-07,270000,5.68,4900114076282
2026-09-08,269500,-0.19,6236737732500
2026-09-09,269500,0.0,4436451989189
2026-09-10,269000,-0.19,6028310398811
2026-09-11,259500,-3.53,3605176833500
2026-09-14,249000,-4.05,4451205430026
2026-09-15,248500,-0.2,2849221682500
2026-09-16,253500,2.01,2957721972027
2026-09-17,252500,-0.39,3004779914636
2026-09-18,261000,3.37,4554291006250
2026-09-21,274000,4.98,6053449470058
2026-09-22,276500,0.91,5066867516850
2026-09-23,285500,3.25,5926486634990
2026-09-28,270000,-5.429999828338623,5866079995220
2026-09-29,272500,0.9300000071525574,4336737096000
2026-09-30,268500,-1.4700000286102295,4456294195882
2026-10-01,276000,2.7899999618530273,3726945890883
2026-10-02,276000,0.0,3128554420500
